time,outdoor_t,room_total_power,rack_h,rack_l,rack_avg,env_avg,env_h,env_list,36865_c,36865_h,36865_p,36865_r,36865_s,36866_c,36866_h,36866_p,36866_r,36866_s
2023-05-10 16:50:00,24.1,,24.7,22.8,23.75,22.4,22.4,[22.4],0.0,24.7,0.03,17.2,26.0,1.0,22.8,0.45,21.6,26.0
2023-05-10 16:55:00,24.2,,24.1,22.4,23.25,22.4,22.4,[22.4],0.0,24.1,0.03,18.4,26.0,1.0,22.4,0.435,23.2,26.0
2023-05-10 17:00:00,24.2,,,,,,,,,,,,,,,,,
2023-05-10 17:05:00,24.2,,23.9,22.3,23.1,22.6,22.6,[22.6],0.0,23.9,0.03,19.8,26.0,1.0,22.3,0.48,24.1,26.0
2023-05-10 17:10:00,24.1,,24.2,22.6,23.4,22.7,22.7,[22.7],0.0,24.2,0.03,19.7,26.0,1.0,22.6,7.35,22.7,26.0
2023-05-10 17:15:00,24.1,,24.4,22.6,23.5,22.6,22.6,[22.6],0.0,24.4,0.03,18.1,26.0,1.0,22.6,3.9,22.0,26.0
2023-05-10 17:20:00,24.1,,24.3,22.6,23.450000000000003,22.4,22.4,[22.4],0.0,24.3,0.03,17.4,26.0,1.0,22.6,0.45,21.9,26.0
2023-05-10 17:25:00,,,,,,,,,,,,,,,,,,
2023-05-10 17:30:00,24.0,,24.1,22.5,23.3,22.5,22.5,[22.5],0.0,24.1,0.03,19.1,26.0,1.0,22.5,0.48,23.7,26.0
2023-05-10 17:35:00,,,,,,,,,,,,,,,,,,
2023-05-10 17:40:00,,,,,,,,,,,,,,,,,,
2023-05-10 17:45:00,,,,,,,,,,,,,,,,,,
2023-05-10 17:50:00,,,,,,,,,,,,,,,,,,
2023-05-10 17:55:00,,,,,,,,,,,,,,,,,,
2023-05-10 18:00:00,,,,,,,,,,,,,,,,,,
2023-05-10 18:05:00,,,,,,,,,,,,,,,,,,
2023-05-10 18:10:00,,,,,,,,,,,,,,,,,,
2023-05-10 18:15:00,,,,,,,,,,,,,,,,,,
2023-05-10 18:20:00,,,,,,,,,,,,,,,,,,
2023-05-10 18:25:00,,,,,,,,,,,,,,,,,,
2023-05-10 18:30:00,,,,,,,,,,,,,,,,,,
2023-05-10 18:35:00,,,,,,,,,,,,,,,,,,
2023-05-10 18:40:00,,,,,,,,,,,,,,,,,,
2023-05-10 18:45:00,,,,,,,,,,,,,,,,,,
2023-05-10 18:50:00,,,,,,,,,,,,,,,,,,
2023-05-10 18:55:00,,,,,,,,,,,,,,,,,,
2023-05-10 19:00:00,,,,,,,,,,,,,,,,,,
2023-05-10 19:05:00,,,,,,,,,,,,,,,,,,
2023-05-10 19:10:00,,,,,,,,,,,,,,,,,,
2023-05-10 19:15:00,,,,,,,,,,,,,,,,,,
2023-05-10 19:20:00,,,,,,,,,,,,,,,,,,
2023-05-10 19:25:00,,,,,,,,,,,,,,,,,,
2023-05-10 19:30:00,,,,,,,,,,,,,,,,,,
2023-05-10 19:35:00,,,,,,,,,,,,,,,,,,
2023-05-10 19:40:00,,,,,,,,,,,,,,,,,,
2023-05-10 19:45:00,,,,,,,,,,,,,,,,,,
2023-05-10 19:50:00,,,,,,,,,,,,,,,,,,
2023-05-10 19:55:00,,,,,,,,,,,,,,,,,,
2023-05-10 20:00:00,,,,,,,,,,,,,,,,,,
2023-05-10 20:05:00,,,,,,,,,,,,,,,,,,
2023-05-10 20:10:00,,,,,,,,,,,,,,,,,,
2023-05-10 20:15:00,,,,,,,,,,,,,,,,,,
2023-05-10 20:20:00,,,,,,,,,,,,,,,,,,
2023-05-10 20:25:00,,,,,,,,,,,,,,,,,,
2023-05-10 20:30:00,,,,,,,,,,,,,,,,,,
2023-05-10 20:35:00,,,,,,,,,,,,,,,,,,
2023-05-10 20:40:00,,,,,,,,,,,,,,,,,,
2023-05-10 20:45:00,,,,,,,,,,,,,,,,,,
2023-05-10 20:50:00,,,,,,,,,,,,,,,,,,
2023-05-10 20:55:00,,,,,,,,,,,,,,,,,,
2023-05-10 21:00:00,,,,,,,,,,,,,,,,,,
2023-05-10 21:05:00,,,,,,,,,,,,,,,,,,
2023-05-10 21:10:00,,,,,,,,,,,,,,,,,,
2023-05-10 21:15:00,,,,,,,,,,,,,,,,,,
2023-05-10 21:20:00,,,,,,,,,,,,,,,,,,
2023-05-10 21:25:00,,,,,,,,,,,,,,,,,,
2023-05-10 21:30:00,,,,,,,,,,,,,,,,,,
2023-05-10 21:35:00,,,,,,,,,,,,,,,,,,
2023-05-10 21:40:00,,,,,,,,,,,,,,,,,,
2023-05-10 21:45:00,,,,,,,,,,,,,,,,,,
2023-05-10 21:50:00,,,,,,,,,,,,,,,,,,
2023-05-10 21:55:00,,,,,,,,,,,,,,,,,,
2023-05-10 22:00:00,,,,,,,,,,,,,,,,,,
2023-05-10 22:05:00,,,,,,,,,,,,,,,,,,
2023-05-10 22:10:00,,,,,,,,,,,,,,,,,,
2023-05-10 22:15:00,,,,,,,,,,,,,,,,,,
2023-05-10 22:20:00,,,,,,,,,,,,,,,,,,
2023-05-10 22:25:00,,,,,,,,,,,,,,,,,,
2023-05-10 22:30:00,,,,,,,,,,,,,,,,,,
2023-05-10 22:35:00,,,,,,,,,,,,,,,,,,
2023-05-10 22:40:00,,,,,,,,,,,,,,,,,,
2023-05-10 22:45:00,,,,,,,,,,,,,,,,,,
2023-05-10 22:50:00,,,,,,,,,,,,,,,,,,
2023-05-10 22:55:00,,,,,,,,,,,,,,,,,,
2023-05-10 23:00:00,,,,,,,,,,,,,,,,,,
2023-05-10 23:05:00,,,,,,,,,,,,,,,,,,
2023-05-10 23:10:00,,,,,,,,,,,,,,,,,,
2023-05-10 23:15:00,,,,,,,,,,,,,,,,,,
2023-05-10 23:20:00,,,,,,,,,,,,,,,,,,
2023-05-10 23:25:00,,,,,,,,,,,,,,,,,,
2023-05-10 23:30:00,,,,,,,,,,,,,,,,,,
2023-05-10 23:35:00,,,,,,,,,,,,,,,,,,
2023-05-10 23:40:00,,,,,,,,,,,,,,,,,,
2023-05-10 23:45:00,,,,,,,,,,,,,,,,,,
2023-05-10 23:50:00,,,,,,,,,,,,,,,,,,
2023-05-10 23:55:00,,,,,,,,,,,,,,,,,,
2023-05-11 00:00:00,,,,,,,,,,,,,,,,,,
2023-05-11 00:05:00,,,,,,,,,,,,,,,,,,
2023-05-11 00:10:00,,,,,,,,,,,,,,,,,,
2023-05-11 00:15:00,,,,,,,,,,,,,,,,,,
2023-05-11 00:20:00,,,,,,,,,,,,,,,,,,
2023-05-11 00:25:00,,,,,,,,,,,,,,,,,,
2023-05-11 00:30:00,,,,,,,,,,,,,,,,,,
2023-05-11 00:35:00,,,,,,,,,,,,,,,,,,
2023-05-11 00:40:00,,,,,,,,,,,,,,,,,,
2023-05-11 00:45:00,,,,,,,,,,,,,,,,,,
2023-05-11 00:50:00,,,,,,,,,,,,,,,,,,
2023-05-11 00:55:00,,,,,,,,,,,,,,,,,,
2023-05-11 01:00:00,,,,,,,,,,,,,,,,,,
2023-05-11 01:05:00,,,,,,,,,,,,,,,,,,
2023-05-11 01:10:00,,,,,,,,,,,,,,,,,,
2023-05-11 01:15:00,,,,,,,,,,,,,,,,,,
2023-05-11 01:20:00,,,,,,,,,,,,,,,,,,
2023-05-11 01:25:00,,,,,,,,,,,,,,,,,,
2023-05-11 01:30:00,,,,,,,,,,,,,,,,,,
2023-05-11 01:35:00,,,,,,,,,,,,,,,,,,
2023-05-11 01:40:00,,,,,,,,,,,,,,,,,,
2023-05-11 01:45:00,,,,,,,,,,,,,,,,,,
2023-05-11 01:50:00,,,,,,,,,,,,,,,,,,
2023-05-11 01:55:00,,,,,,,,,,,,,,,,,,
2023-05-11 02:00:00,,,,,,,,,,,,,,,,,,
2023-05-11 02:05:00,,,,,,,,,,,,,,,,,,
2023-05-11 02:10:00,,,,,,,,,,,,,,,,,,
2023-05-11 02:15:00,,,,,,,,,,,,,,,,,,
2023-05-11 02:20:00,,,,,,,,,,,,,,,,,,
2023-05-11 02:25:00,,,,,,,,,,,,,,,,,,
2023-05-11 02:30:00,,,,,,,,,,,,,,,,,,
2023-05-11 02:35:00,,,,,,,,,,,,,,,,,,
2023-05-11 02:40:00,,,,,,,,,,,,,,,,,,
2023-05-11 02:45:00,,,,,,,,,,,,,,,,,,
2023-05-11 02:50:00,,,,,,,,,,,,,,,,,,
2023-05-11 02:55:00,,,,,,,,,,,,,,,,,,
2023-05-11 03:00:00,,,,,,,,,,,,,,,,,,
2023-05-11 03:05:00,,,,,,,,,,,,,,,,,,
2023-05-11 03:10:00,,,,,,,,,,,,,,,,,,
2023-05-11 03:15:00,,,,,,,,,,,,,,,,,,
2023-05-11 03:20:00,,,,,,,,,,,,,,,,,,
2023-05-11 03:25:00,,,,,,,,,,,,,,,,,,
2023-05-11 03:30:00,,,,,,,,,,,,,,,,,,
2023-05-11 03:35:00,,,,,,,,,,,,,,,,,,
2023-05-11 03:40:00,,,,,,,,,,,,,,,,,,
2023-05-11 03:45:00,,,,,,,,,,,,,,,,,,
2023-05-11 03:50:00,,,,,,,,,,,,,,,,,,
2023-05-11 03:55:00,,,,,,,,,,,,,,,,,,
2023-05-11 04:00:00,,,,,,,,,,,,,,,,,,
2023-05-11 04:05:00,,,,,,,,,,,,,,,,,,
2023-05-11 04:10:00,,,,,,,,,,,,,,,,,,
2023-05-11 04:15:00,,,,,,,,,,,,,,,,,,
2023-05-11 04:20:00,,,,,,,,,,,,,,,,,,
2023-05-11 04:25:00,,,,,,,,,,,,,,,,,,
2023-05-11 04:30:00,,,,,,,,,,,,,,,,,,
2023-05-11 04:35:00,,,,,,,,,,,,,,,,,,
2023-05-11 04:40:00,,,,,,,,,,,,,,,,,,
2023-05-11 04:45:00,,,,,,,,,,,,,,,,,,
2023-05-11 04:50:00,,,,,,,,,,,,,,,,,,
2023-05-11 04:55:00,,,,,,,,,,,,,,,,,,
2023-05-11 05:00:00,,,,,,,,,,,,,,,,,,
2023-05-11 05:05:00,,,,,,,,,,,,,,,,,,
2023-05-11 05:10:00,,,,,,,,,,,,,,,,,,
2023-05-11 05:15:00,,,,,,,,,,,,,,,,,,
2023-05-11 05:20:00,,,,,,,,,,,,,,,,,,
2023-05-11 05:25:00,,,,,,,,,,,,,,,,,,
2023-05-11 05:30:00,,,,,,,,,,,,,,,,,,
2023-05-11 05:35:00,,,,,,,,,,,,,,,,,,
2023-05-11 05:40:00,,,,,,,,,,,,,,,,,,
2023-05-11 05:45:00,,,,,,,,,,,,,,,,,,
2023-05-11 05:50:00,,,,,,,,,,,,,,,,,,
2023-05-11 05:55:00,,,,,,,,,,,,,,,,,,
2023-05-11 06:00:00,,,,,,,,,,,,,,,,,,
2023-05-11 06:05:00,,,,,,,,,,,,,,,,,,
2023-05-11 06:10:00,,,,,,,,,,,,,,,,,,
2023-05-11 06:15:00,,,,,,,,,,,,,,,,,,
2023-05-11 06:20:00,,,,,,,,,,,,,,,,,,
2023-05-11 06:25:00,,,,,,,,,,,,,,,,,,
2023-05-11 06:30:00,,,,,,,,,,,,,,,,,,
2023-05-11 06:35:00,,,,,,,,,,,,,,,,,,
2023-05-11 06:40:00,,,,,,,,,,,,,,,,,,
2023-05-11 06:45:00,,,,,,,,,,,,,,,,,,
2023-05-11 06:50:00,,,,,,,,,,,,,,,,,,
2023-05-11 06:55:00,,,,,,,,,,,,,,,,,,
2023-05-11 07:00:00,,,,,,,,,,,,,,,,,,
2023-05-11 07:05:00,,,,,,,,,,,,,,,,,,
2023-05-11 07:10:00,,,,,,,,,,,,,,,,,,
2023-05-11 07:15:00,,,,,,,,,,,,,,,,,,
2023-05-11 07:20:00,,,,,,,,,,,,,,,,,,
2023-05-11 07:25:00,,,,,,,,,,,,,,,,,,
2023-05-11 07:30:00,,,,,,,,,,,,,,,,,,
2023-05-11 07:35:00,,,,,,,,,,,,,,,,,,
2023-05-11 07:40:00,,,,,,,,,,,,,,,,,,
2023-05-11 07:45:00,,,,,,,,,,,,,,,,,,
2023-05-11 07:50:00,,,,,,,,,,,,,,,,,,
2023-05-11 07:55:00,,,,,,,,,,,,,,,,,,
2023-05-11 08:00:00,,,,,,,,,,,,,,,,,,
2023-05-11 08:05:00,,,,,,,,,,,,,,,,,,
2023-05-11 08:10:00,,,,,,,,,,,,,,,,,,
2023-05-11 08:15:00,,,,,,,,,,,,,,,,,,
2023-05-11 08:20:00,,,,,,,,,,,,,,,,,,
2023-05-11 08:25:00,,,,,,,,,,,,,,,,,,
2023-05-11 08:30:00,,,,,,,,,,,,,,,,,,
2023-05-11 08:35:00,,,,,,,,,,,,,,,,,,
2023-05-11 08:40:00,,,,,,,,,,,,,,,,,,
2023-05-11 08:45:00,,,,,,,,,,,,,,,,,,
2023-05-11 08:50:00,,,,,,,,,,,,,,,,,,
2023-05-11 08:55:00,,,,,,,,,,,,,,,,,,
2023-05-11 09:00:00,,,,,,,,,,,,,,,,,,
2023-05-11 09:05:00,,,,,,,,,,,,,,,,,,
2023-05-11 09:10:00,,,,,,,,,,,,,,,,,,
2023-05-11 09:15:00,,,,,,,,,,,,,,,,,,
2023-05-11 09:20:00,,,,,,,,,,,,,,,,,,
2023-05-11 09:25:00,,,,,,,,,,,,,,,,,,
2023-05-11 09:30:00,,,,,,,,,,,,,,,,,,
2023-05-11 09:35:00,,,,,,,,,,,,,,,,,,
2023-05-11 09:40:00,,,,,,,,,,,,,,,,,,
2023-05-11 09:45:00,,,,,,,,,,,,,,,,,,
2023-05-11 09:50:00,,,,,,,,,,,,,,,,,,
2023-05-11 09:55:00,,,,,,,,,,,,,,,,,,
2023-05-11 10:00:00,,,,,,,,,,,,,,,,,,
2023-05-11 10:05:00,,,,,,,,,,,,,,,,,,
2023-05-11 10:10:00,,,,,,,,,,,,,,,,,,
2023-05-11 10:15:00,,,,,,,,,,,,,,,,,,
2023-05-11 10:20:00,,,,,,,,,,,,,,,,,,
2023-05-11 10:25:00,,,,,,,,,,,,,,,,,,
2023-05-11 10:30:00,,,,,,,,,,,,,,,,,,
2023-05-11 10:35:00,,,,,,,,,,,,,,,,,,
2023-05-11 10:40:00,,,,,,,,,,,,,,,,,,
2023-05-11 10:45:00,,,,,,,,,,,,,,,,,,
2023-05-11 10:50:00,,,,,,,,,,,,,,,,,,
2023-05-11 10:55:00,,,,,,,,,,,,,,,,,,
2023-05-11 11:00:00,,,,,,,,,,,,,,,,,,
2023-05-11 11:05:00,,,,,,,,,,,,,,,,,,
2023-05-11 11:10:00,,,,,,,,,,,,,,,,,,
2023-05-11 11:15:00,,,,,,,,,,,,,,,,,,
2023-05-11 11:20:00,,,,,,,,,,,,,,,,,,
2023-05-11 11:25:00,,,,,,,,,,,,,,,,,,
2023-05-11 11:30:00,,,,,,,,,,,,,,,,,,
2023-05-11 11:35:00,,,,,,,,,,,,,,,,,,
2023-05-11 11:40:00,,,,,,,,,,,,,,,,,,
2023-05-11 11:45:00,,,,,,,,,,,,,,,,,,
2023-05-11 11:50:00,,,,,,,,,,,,,,,,,,
2023-05-11 11:55:00,,,,,,,,,,,,,,,,,,
2023-05-11 12:00:00,,,,,,,,,,,,,,,,,,
2023-05-11 12:05:00,,,,,,,,,,,,,,,,,,
2023-05-11 12:10:00,,,,,,,,,,,,,,,,,,
2023-05-11 12:15:00,,,,,,,,,,,,,,,,,,
2023-05-11 12:20:00,,,,,,,,,,,,,,,,,,
2023-05-11 12:25:00,,,,,,,,,,,,,,,,,,
2023-05-11 12:30:00,,,,,,,,,,,,,,,,,,
2023-05-11 12:35:00,,,,,,,,,,,,,,,,,,
2023-05-11 12:40:00,,,,,,,,,,,,,,,,,,
2023-05-11 12:45:00,,,,,,,,,,,,,,,,,,
2023-05-11 12:50:00,,,,,,,,,,,,,,,,,,
2023-05-11 12:55:00,,,,,,,,,,,,,,,,,,
2023-05-11 13:00:00,,,,,,,,,,,,,,,,,,
2023-05-11 13:05:00,,,,,,,,,,,,,,,,,,
2023-05-11 13:10:00,,,,,,,,,,,,,,,,,,
2023-05-11 13:15:00,,,,,,,,,,,,,,,,,,
2023-05-11 13:20:00,,,,,,,,,,,,,,,,,,
2023-05-11 13:25:00,,,,,,,,,,,,,,,,,,
2023-05-11 13:30:00,,,,,,,,,,,,,,,,,,
2023-05-11 13:35:00,,,,,,,,,,,,,,,,,,
2023-05-11 13:40:00,,,,,,,,,,,,,,,,,,
2023-05-11 13:45:00,,,,,,,,,,,,,,,,,,
2023-05-11 13:50:00,,,,,,,,,,,,,,,,,,
2023-05-11 13:55:00,,,,,,,,,,,,,,,,,,
2023-05-11 14:00:00,,,,,,,,,,,,,,,,,,
2023-05-11 14:05:00,,,,,,,,,,,,,,,,,,
2023-05-11 14:10:00,,,,,,,,,,,,,,,,,,
2023-05-11 14:15:00,,,,,,,,,,,,,,,,,,
2023-05-11 14:20:00,,,,,,,,,,,,,,,,,,
2023-05-11 14:25:00,,,,,,,,,,,,,,,,,,
2023-05-11 14:30:00,,,,,,,,,,,,,,,,,,
2023-05-11 14:35:00,,,,,,,,,,,,,,,,,,
2023-05-11 14:40:00,,,,,,,,,,,,,,,,,,
2023-05-11 14:45:00,,,,,,,,,,,,,,,,,,
2023-05-11 14:50:00,,,,,,,,,,,,,,,,,,
2023-05-11 14:55:00,,,,,,,,,,,,,,,,,,
2023-05-11 15:00:00,,,,,,,,,,,,,,,,,,
2023-05-11 15:05:00,,,,,,,,,,,,,,,,,,
2023-05-11 15:10:00,,,,,,,,,,,,,,,,,,
2023-05-11 15:15:00,,,,,,,,,,,,,,,,,,
2023-05-11 15:20:00,,,,,,,,,,,,,,,,,,
2023-05-11 15:25:00,,,,,,,,,,,,,,,,,,
2023-05-11 15:30:00,,,,,,,,,,,,,,,,,,
2023-05-11 15:35:00,,,,,,,,,,,,,,,,,,
2023-05-11 15:40:00,,,,,,,,,,,,,,,,,,
2023-05-11 15:45:00,,,,,,,,,,,,,,,,,,
2023-05-11 15:50:00,,,,,,,,,,,,,,,,,,
2023-05-11 15:55:00,,,,,,,,,,,,,,,,,,
2023-05-11 16:00:00,,,,,,,,,,,,,,,,,,
2023-05-11 16:05:00,,,,,,,,,,,,,,,,,,
2023-05-11 16:10:00,,,,,,,,,,,,,,,,,,
2023-05-11 16:15:00,,,,,,,,,,,,,,,,,,
2023-05-11 16:20:00,,,,,,,,,,,,,,,,,,
2023-05-11 16:25:00,,,,,,,,,,,,,,,,,,
2023-05-11 16:30:00,,,,,,,,,,,,,,,,,,
2023-05-11 16:35:00,,,,,,,,,,,,,,,,,,
2023-05-11 16:40:00,,,,,,,,,,,,,,,,,,
2023-05-11 16:45:00,,,,,,,,,,,,,,,,,,
2023-05-11 16:50:00,,,,,,,,,,,,,,,,,,
2023-05-11 16:55:00,,,,,,,,,,,,,,,,,,
2023-05-11 17:00:00,,,,,,,,,,,,,,,,,,
2023-05-11 17:05:00,,,,,,,,,,,,,,,,,,
2023-05-11 17:10:00,,,,,,,,,,,,,,,,,,
2023-05-11 17:15:00,,,,,,,,,,,,,,,,,,
2023-05-11 17:20:00,,,,,,,,,,,,,,,,,,
2023-05-11 17:25:00,,,,,,,,,,,,,,,,,,
2023-05-11 17:30:00,,,,,,,,,,,,,,,,,,
2023-05-11 17:35:00,,,,,,,,,,,,,,,,,,
2023-05-11 17:40:00,,,,,,,,,,,,,,,,,,
2023-05-11 17:45:00,,,,,,,,,,,,,,,,,,
2023-05-11 17:50:00,,,,,,,,,,,,,,,,,,
2023-05-11 17:55:00,,,,,,,,,,,,,,,,,,
2023-05-11 18:00:00,,,,,,,,,,,,,,,,,,
2023-05-11 18:05:00,,,,,,,,,,,,,,,,,,
2023-05-11 18:10:00,,,,,,,,,,,,,,,,,,
2023-05-11 18:15:00,,,,,,,,,,,,,,,,,,
2023-05-11 18:20:00,,,,,,,,,,,,,,,,,,
2023-05-11 18:25:00,,,,,,,,,,,,,,,,,,
2023-05-11 18:30:00,,,,,,,,,,,,,,,,,,
2023-05-11 18:35:00,,,,,,,,,,,,,,,,,,
2023-05-11 18:40:00,,,,,,,,,,,,,,,,,,
2023-05-11 18:45:00,,,,,,,,,,,,,,,,,,
2023-05-11 18:50:00,,,,,,,,,,,,,,,,,,
2023-05-11 18:55:00,,,,,,,,,,,,,,,,,,
2023-05-11 19:00:00,,,,,,,,,,,,,,,,,,
2023-05-11 19:05:00,,,,,,,,,,,,,,,,,,
2023-05-11 19:10:00,,,,,,,,,,,,,,,,,,
2023-05-11 19:15:00,,,,,,,,,,,,,,,,,,
2023-05-11 19:20:00,,,,,,,,,,,,,,,,,,
2023-05-11 19:25:00,,,,,,,,,,,,,,,,,,
2023-05-11 19:30:00,,,,,,,,,,,,,,,,,,
2023-05-11 19:35:00,,,,,,,,,,,,,,,,,,
2023-05-11 19:40:00,,,,,,,,,,,,,,,,,,
2023-05-11 19:45:00,,,,,,,,,,,,,,,,,,
2023-05-11 19:50:00,,,,,,,,,,,,,,,,,,
2023-05-11 19:55:00,,,,,,,,,,,,,,,,,,
2023-05-11 20:00:00,,,,,,,,,,,,,,,,,,
2023-05-11 20:05:00,,,,,,,,,,,,,,,,,,
2023-05-11 20:10:00,,,,,,,,,,,,,,,,,,
2023-05-11 20:15:00,,,,,,,,,,,,,,,,,,
2023-05-11 20:20:00,,,,,,,,,,,,,,,,,,
2023-05-11 20:25:00,,,,,,,,,,,,,,,,,,
2023-05-11 20:30:00,,,,,,,,,,,,,,,,,,
2023-05-11 20:35:00,,,,,,,,,,,,,,,,,,
2023-05-11 20:40:00,,,,,,,,,,,,,,,,,,
2023-05-11 20:45:00,,,,,,,,,,,,,,,,,,
2023-05-11 20:50:00,,,,,,,,,,,,,,,,,,
2023-05-11 20:55:00,,,,,,,,,,,,,,,,,,
2023-05-11 21:00:00,,,,,,,,,,,,,,,,,,
2023-05-11 21:05:00,,,,,,,,,,,,,,,,,,
2023-05-11 21:10:00,,,,,,,,,,,,,,,,,,
2023-05-11 21:15:00,,,,,,,,,,,,,,,,,,
2023-05-11 21:20:00,,,,,,,,,,,,,,,,,,
2023-05-11 21:25:00,,,,,,,,,,,,,,,,,,
2023-05-11 21:30:00,,,,,,,,,,,,,,,,,,
2023-05-11 21:35:00,,,,,,,,,,,,,,,,,,
2023-05-11 21:40:00,,,,,,,,,,,,,,,,,,
2023-05-11 21:45:00,,,,,,,,,,,,,,,,,,
2023-05-11 21:50:00,,,,,,,,,,,,,,,,,,
2023-05-11 21:55:00,,,,,,,,,,,,,,,,,,
2023-05-11 22:00:00,,,,,,,,,,,,,,,,,,
2023-05-11 22:05:00,,,,,,,,,,,,,,,,,,
2023-05-11 22:10:00,,,,,,,,,,,,,,,,,,
2023-05-11 22:15:00,,,,,,,,,,,,,,,,,,
2023-05-11 22:20:00,,,,,,,,,,,,,,,,,,
2023-05-11 22:25:00,,,,,,,,,,,,,,,,,,
2023-05-11 22:30:00,,,,,,,,,,,,,,,,,,
2023-05-11 22:35:00,,,,,,,,,,,,,,,,,,
2023-05-11 22:40:00,,,,,,,,,,,,,,,,,,
2023-05-11 22:45:00,,,,,,,,,,,,,,,,,,
2023-05-11 22:50:00,,,,,,,,,,,,,,,,,,
2023-05-11 22:55:00,,,,,,,,,,,,,,,,,,
2023-05-11 23:00:00,,,,,,,,,,,,,,,,,,
2023-05-11 23:05:00,,,,,,,,,,,,,,,,,,
2023-05-11 23:10:00,,,,,,,,,,,,,,,,,,
2023-05-11 23:15:00,,,,,,,,,,,,,,,,,,
2023-05-11 23:20:00,,,,,,,,,,,,,,,,,,
2023-05-11 23:25:00,,,,,,,,,,,,,,,,,,
2023-05-11 23:30:00,,,,,,,,,,,,,,,,,,
2023-05-11 23:35:00,,,,,,,,,,,,,,,,,,
2023-05-11 23:40:00,,,,,,,,,,,,,,,,,,
2023-05-11 23:45:00,,,,,,,,,,,,,,,,,,
2023-05-11 23:50:00,,,,,,,,,,,,,,,,,,
2023-05-11 23:55:00,,,,,,,,,,,,,,,,,,
2023-05-12 00:00:00,,,,,,,,,,,,,,,,,,
2023-05-12 00:05:00,,,,,,,,,,,,,,,,,,
2023-05-12 00:10:00,,,,,,,,,,,,,,,,,,
2023-05-12 00:15:00,,,,,,,,,,,,,,,,,,
2023-05-12 00:20:00,,,,,,,,,,,,,,,,,,
2023-05-12 00:25:00,,,,,,,,,,,,,,,,,,
2023-05-12 00:30:00,,,,,,,,,,,,,,,,,,
2023-05-12 00:35:00,,,,,,,,,,,,,,,,,,
2023-05-12 00:40:00,,,,,,,,,,,,,,,,,,
2023-05-12 00:45:00,,,,,,,,,,,,,,,,,,
2023-05-12 00:50:00,,,,,,,,,,,,,,,,,,
2023-05-12 00:55:00,,,,,,,,,,,,,,,,,,
2023-05-12 01:00:00,,,,,,,,,,,,,,,,,,
2023-05-12 01:05:00,,,,,,,,,,,,,,,,,,
2023-05-12 01:10:00,,,,,,,,,,,,,,,,,,
2023-05-12 01:15:00,,,,,,,,,,,,,,,,,,
2023-05-12 01:20:00,,,,,,,,,,,,,,,,,,
2023-05-12 01:25:00,,,,,,,,,,,,,,,,,,
2023-05-12 01:30:00,,,,,,,,,,,,,,,,,,
2023-05-12 01:35:00,,,,,,,,,,,,,,,,,,
2023-05-12 01:40:00,,,,,,,,,,,,,,,,,,
2023-05-12 01:45:00,,,,,,,,,,,,,,,,,,
2023-05-12 01:50:00,,,,,,,,,,,,,,,,,,
2023-05-12 01:55:00,,,,,,,,,,,,,,,,,,
2023-05-12 02:00:00,,,,,,,,,,,,,,,,,,
2023-05-12 02:05:00,,,,,,,,,,,,,,,,,,
2023-05-12 02:10:00,,,,,,,,,,,,,,,,,,
2023-05-12 02:15:00,,,,,,,,,,,,,,,,,,
2023-05-12 02:20:00,,,,,,,,,,,,,,,,,,
2023-05-12 02:25:00,,,,,,,,,,,,,,,,,,
2023-05-12 02:30:00,,,,,,,,,,,,,,,,,,
2023-05-12 02:35:00,,,,,,,,,,,,,,,,,,
2023-05-12 02:40:00,,,,,,,,,,,,,,,,,,
2023-05-12 02:45:00,,,,,,,,,,,,,,,,,,
2023-05-12 02:50:00,,,,,,,,,,,,,,,,,,
2023-05-12 02:55:00,,,,,,,,,,,,,,,,,,
2023-05-12 03:00:00,,,,,,,,,,,,,,,,,,
2023-05-12 03:05:00,,,,,,,,,,,,,,,,,,
2023-05-12 03:10:00,,,,,,,,,,,,,,,,,,
2023-05-12 03:15:00,,,,,,,,,,,,,,,,,,
2023-05-12 03:20:00,,,,,,,,,,,,,,,,,,
2023-05-12 03:25:00,,,,,,,,,,,,,,,,,,
2023-05-12 03:30:00,,,,,,,,,,,,,,,,,,
2023-05-12 03:35:00,,,,,,,,,,,,,,,,,,
2023-05-12 03:40:00,,,,,,,,,,,,,,,,,,
2023-05-12 03:45:00,,,,,,,,,,,,,,,,,,
2023-05-12 03:50:00,,,,,,,,,,,,,,,,,,
2023-05-12 03:55:00,,,,,,,,,,,,,,,,,,
2023-05-12 04:00:00,,,,,,,,,,,,,,,,,,
2023-05-12 04:05:00,,,,,,,,,,,,,,,,,,
2023-05-12 04:10:00,,,,,,,,,,,,,,,,,,
2023-05-12 04:15:00,,,,,,,,,,,,,,,,,,
2023-05-12 04:20:00,,,,,,,,,,,,,,,,,,
2023-05-12 04:25:00,,,,,,,,,,,,,,,,,,
2023-05-12 04:30:00,,,,,,,,,,,,,,,,,,
2023-05-12 04:35:00,,,,,,,,,,,,,,,,,,
2023-05-12 04:40:00,,,,,,,,,,,,,,,,,,
2023-05-12 04:45:00,,,,,,,,,,,,,,,,,,
2023-05-12 04:50:00,,,,,,,,,,,,,,,,,,
2023-05-12 04:55:00,,,,,,,,,,,,,,,,,,
2023-05-12 05:00:00,,,,,,,,,,,,,,,,,,
2023-05-12 05:05:00,,,,,,,,,,,,,,,,,,
2023-05-12 05:10:00,,,,,,,,,,,,,,,,,,
2023-05-12 05:15:00,,,,,,,,,,,,,,,,,,
2023-05-12 05:20:00,,,,,,,,,,,,,,,,,,
2023-05-12 05:25:00,,,,,,,,,,,,,,,,,,
2023-05-12 05:30:00,,,,,,,,,,,,,,,,,,
2023-05-12 05:35:00,,,,,,,,,,,,,,,,,,
2023-05-12 05:40:00,,,,,,,,,,,,,,,,,,
2023-05-12 05:45:00,,,,,,,,,,,,,,,,,,
2023-05-12 05:50:00,,,,,,,,,,,,,,,,,,
2023-05-12 05:55:00,,,,,,,,,,,,,,,,,,
2023-05-12 06:00:00,,,,,,,,,,,,,,,,,,
2023-05-12 06:05:00,,,,,,,,,,,,,,,,,,
2023-05-12 06:10:00,,,,,,,,,,,,,,,,,,
2023-05-12 06:15:00,,,,,,,,,,,,,,,,,,
2023-05-12 06:20:00,,,,,,,,,,,,,,,,,,
2023-05-12 06:25:00,,,,,,,,,,,,,,,,,,
2023-05-12 06:30:00,,,,,,,,,,,,,,,,,,
2023-05-12 06:35:00,,,,,,,,,,,,,,,,,,
2023-05-12 06:40:00,,,,,,,,,,,,,,,,,,
2023-05-12 06:45:00,,,,,,,,,,,,,,,,,,
2023-05-12 06:50:00,,,,,,,,,,,,,,,,,,
2023-05-12 06:55:00,,,,,,,,,,,,,,,,,,
2023-05-12 07:00:00,,,,,,,,,,,,,,,,,,
2023-05-12 07:05:00,,,,,,,,,,,,,,,,,,
2023-05-12 07:10:00,,,,,,,,,,,,,,,,,,
2023-05-12 07:15:00,,,,,,,,,,,,,,,,,,
2023-05-12 07:20:00,,,,,,,,,,,,,,,,,,
2023-05-12 07:25:00,,,,,,,,,,,,,,,,,,
2023-05-12 07:30:00,,,,,,,,,,,,,,,,,,
2023-05-12 07:35:00,,,,,,,,,,,,,,,,,,
2023-05-12 07:40:00,,,,,,,,,,,,,,,,,,
2023-05-12 07:45:00,,,,,,,,,,,,,,,,,,
2023-05-12 07:50:00,,,,,,,,,,,,,,,,,,
2023-05-12 07:55:00,,,,,,,,,,,,,,,,,,
2023-05-12 08:00:00,,,,,,,,,,,,,,,,,,
2023-05-12 08:05:00,,,,,,,,,,,,,,,,,,
2023-05-12 08:10:00,,,,,,,,,,,,,,,,,,
2023-05-12 08:15:00,,,,,,,,,,,,,,,,,,
2023-05-12 08:20:00,,,,,,,,,,,,,,,,,,
2023-05-12 08:25:00,,,,,,,,,,,,,,,,,,
2023-05-12 08:30:00,,,,,,,,,,,,,,,,,,
2023-05-12 08:35:00,,,,,,,,,,,,,,,,,,
2023-05-12 08:40:00,,,,,,,,,,,,,,,,,,
2023-05-12 08:45:00,,,,,,,,,,,,,,,,,,
2023-05-12 08:50:00,,,,,,,,,,,,,,,,,,
2023-05-12 08:55:00,,,,,,,,,,,,,,,,,,
2023-05-12 09:00:00,,,,,,,,,,,,,,,,,,
2023-05-12 09:05:00,,,,,,,,,,,,,,,,,,
2023-05-12 09:10:00,,,,,,,,,,,,,,,,,,
2023-05-12 09:15:00,,,,,,,,,,,,,,,,,,
2023-05-12 09:20:00,,,,,,,,,,,,,,,,,,
2023-05-12 09:25:00,,,,,,,,,,,,,,,,,,
2023-05-12 09:30:00,,,,,,,,,,,,,,,,,,
2023-05-12 09:35:00,,,,,,,,,,,,,,,,,,
2023-05-12 09:40:00,,,,,,,,,,,,,,,,,,
2023-05-12 09:45:00,,,,,,,,,,,,,,,,,,
2023-05-12 09:50:00,,,,,,,,,,,,,,,,,,
2023-05-12 09:55:00,,,,,,,,,,,,,,,,,,
2023-05-12 10:00:00,,,,,,,,,,,,,,,,,,
2023-05-12 10:05:00,,,,,,,,,,,,,,,,,,
2023-05-12 10:10:00,,,,,,,,,,,,,,,,,,
2023-05-12 10:15:00,,,,,,,,,,,,,,,,,,
2023-05-12 10:20:00,,,,,,,,,,,,,,,,,,
2023-05-12 10:25:00,,,,,,,,,,,,,,,,,,
2023-05-12 10:30:00,,,,,,,,,,,,,,,,,,
2023-05-12 10:35:00,,,,,,,,,,,,,,,,,,
2023-05-12 10:40:00,,,,,,,,,,,,,,,,,,
2023-05-12 10:45:00,,,,,,,,,,,,,,,,,,
2023-05-12 10:50:00,,,,,,,,,,,,,,,,,,
2023-05-12 10:55:00,,,,,,,,,,,,,,,,,,
2023-05-12 11:00:00,,,,,,,,,,,,,,,,,,
2023-05-12 11:05:00,,,,,,,,,,,,,,,,,,
2023-05-12 11:10:00,,,,,,,,,,,,,,,,,,
2023-05-12 11:15:00,,,,,,,,,,,,,,,,,,
2023-05-12 11:20:00,,,,,,,,,,,,,,,,,,
2023-05-12 11:25:00,,,,,,,,,,,,,,,,,,
2023-05-12 11:30:00,,,,,,,,,,,,,,,,,,
2023-05-12 11:35:00,,,,,,,,,,,,,,,,,,
2023-05-12 11:40:00,,,,,,,,,,,,,,,,,,
2023-05-12 11:45:00,,,,,,,,,,,,,,,,,,
2023-05-12 11:50:00,,,,,,,,,,,,,,,,,,
2023-05-12 11:55:00,,,,,,,,,,,,,,,,,,
2023-05-12 12:00:00,,,,,,,,,,,,,,,,,,
2023-05-12 12:05:00,,,,,,,,,,,,,,,,,,
2023-05-12 12:10:00,,,,,,,,,,,,,,,,,,
2023-05-12 12:15:00,,,,,,,,,,,,,,,,,,
2023-05-12 12:20:00,,,,,,,,,,,,,,,,,,
2023-05-12 12:25:00,,,,,,,,,,,,,,,,,,
2023-05-12 12:30:00,,,,,,,,,,,,,,,,,,
2023-05-12 12:35:00,,,,,,,,,,,,,,,,,,
2023-05-12 12:40:00,,,,,,,,,,,,,,,,,,
2023-05-12 12:45:00,,,,,,,,,,,,,,,,,,
2023-05-12 12:50:00,,,,,,,,,,,,,,,,,,
2023-05-12 12:55:00,,,,,,,,,,,,,,,,,,
2023-05-12 13:00:00,,,,,,,,,,,,,,,,,,
2023-05-12 13:05:00,,,,,,,,,,,,,,,,,,
2023-05-12 13:10:00,,,,,,,,,,,,,,,,,,
2023-05-12 13:15:00,,,,,,,,,,,,,,,,,,
2023-05-12 13:20:00,,,,,,,,,,,,,,,,,,
2023-05-12 13:25:00,,,,,,,,,,,,,,,,,,
2023-05-12 13:30:00,,,,,,,,,,,,,,,,,,
2023-05-12 13:35:00,,,,,,,,,,,,,,,,,,
2023-05-12 13:40:00,,,,,,,,,,,,,,,,,,
2023-05-12 13:45:00,,,,,,,,,,,,,,,,,,
2023-05-12 13:50:00,,,,,,,,,,,,,,,,,,
2023-05-12 13:55:00,,,,,,,,,,,,,,,,,,
2023-05-12 14:00:00,,,,,,,,,,,,,,,,,,
2023-05-12 14:05:00,,,,,,,,,,,,,,,,,,
2023-05-12 14:10:00,,,,,,,,,,,,,,,,,,
2023-05-12 14:15:00,,,,,,,,,,,,,,,,,,
2023-05-12 14:20:00,,,,,,,,,,,,,,,,,,
2023-05-12 14:25:00,,,,,,,,,,,,,,,,,,
2023-05-12 14:30:00,,,,,,,,,,,,,,,,,,
2023-05-12 14:35:00,,,,,,,,,,,,,,,,,,
2023-05-12 14:40:00,,,,,,,,,,,,,,,,,,
2023-05-12 14:45:00,,,,,,,,,,,,,,,,,,
2023-05-12 14:50:00,,,,,,,,,,,,,,,,,,
2023-05-12 14:55:00,,,,,,,,,,,,,,,,,,
2023-05-12 15:00:00,,,,,,,,,,,,,,,,,,
2023-05-12 15:05:00,,,,,,,,,,,,,,,,,,
2023-05-12 15:10:00,,,,,,,,,,,,,,,,,,
2023-05-12 15:15:00,,,,,,,,,,,,,,,,,,
2023-05-12 15:20:00,,,,,,,,,,,,,,,,,,
2023-05-12 15:25:00,,,,,,,,,,,,,,,,,,
2023-05-12 15:30:00,,,,,,,,,,,,,,,,,,
2023-05-12 15:35:00,,,,,,,,,,,,,,,,,,
2023-05-12 15:40:00,,,,,,,,,,,,,,,,,,
2023-05-12 15:45:00,,,,,,,,,,,,,,,,,,
2023-05-12 15:50:00,,,,,,,,,,,,,,,,,,
2023-05-12 15:55:00,,,,,,,,,,,,,,,,,,
2023-05-12 16:00:00,,,,,,,,,,,,,,,,,,
2023-05-12 16:05:00,,,,,,,,,,,,,,,,,,
2023-05-12 16:10:00,,,,,,,,,,,,,,,,,,
2023-05-12 16:15:00,,,,,,,,,,,,,,,,,,
2023-05-12 16:20:00,,,,,,,,,,,,,,,,,,
2023-05-12 16:25:00,,,,,,,,,,,,,,,,,,
2023-05-12 16:30:00,,,,,,,,,,,,,,,,,,
2023-05-12 16:35:00,,,,,,,,,,,,,,,,,,
2023-05-12 16:40:00,,,,,,,,,,,,,,,,,,
2023-05-12 16:45:00,,,,,,,,,,,,,,,,,,
2023-05-12 16:50:00,,,,,,,,,,,,,,,,,,
2023-05-12 16:55:00,,,,,,,,,,,,,,,,,,
2023-05-12 17:00:00,,,,,,,,,,,,,,,,,,
2023-05-12 17:05:00,,,,,,,,,,,,,,,,,,
2023-05-12 17:10:00,,,,,,,,,,,,,,,,,,
2023-05-12 17:15:00,,,,,,,,,,,,,,,,,,
2023-05-12 17:20:00,,,,,,,,,,,,,,,,,,
2023-05-12 17:25:00,,,,,,,,,,,,,,,,,,
2023-05-12 17:30:00,,,,,,,,,,,,,,,,,,
2023-05-12 17:35:00,,,,,,,,,,,,,,,,,,
2023-05-12 17:40:00,,,,,,,,,,,,,,,,,,
2023-05-12 17:45:00,,,,,,,,,,,,,,,,,,
2023-05-12 17:50:00,,,,,,,,,,,,,,,,,,
2023-05-12 17:55:00,,,,,,,,,,,,,,,,,,
2023-05-12 18:00:00,,,,,,,,,,,,,,,,,,
2023-05-12 18:05:00,,,,,,,,,,,,,,,,,,
2023-05-12 18:10:00,,,,,,,,,,,,,,,,,,
2023-05-12 18:15:00,,,,,,,,,,,,,,,,,,
2023-05-12 18:20:00,,,,,,,,,,,,,,,,,,
2023-05-12 18:25:00,,,,,,,,,,,,,,,,,,
2023-05-12 18:30:00,,,,,,,,,,,,,,,,,,
2023-05-12 18:35:00,,,,,,,,,,,,,,,,,,
2023-05-12 18:40:00,,,,,,,,,,,,,,,,,,
2023-05-12 18:45:00,,,,,,,,,,,,,,,,,,
2023-05-12 18:50:00,,,,,,,,,,,,,,,,,,
2023-05-12 18:55:00,,,,,,,,,,,,,,,,,,
2023-05-12 19:00:00,,,,,,,,,,,,,,,,,,
2023-05-12 19:05:00,,,,,,,,,,,,,,,,,,
2023-05-12 19:10:00,,,,,,,,,,,,,,,,,,
2023-05-12 19:15:00,,,,,,,,,,,,,,,,,,
2023-05-12 19:20:00,,,,,,,,,,,,,,,,,,
2023-05-12 19:25:00,,,,,,,,,,,,,,,,,,
2023-05-12 19:30:00,,,,,,,,,,,,,,,,,,
2023-05-12 19:35:00,,,,,,,,,,,,,,,,,,
2023-05-12 19:40:00,,,,,,,,,,,,,,,,,,
2023-05-12 19:45:00,,,,,,,,,,,,,,,,,,
2023-05-12 19:50:00,,,,,,,,,,,,,,,,,,
2023-05-12 19:55:00,,,,,,,,,,,,,,,,,,
2023-05-12 20:00:00,,,,,,,,,,,,,,,,,,
2023-05-12 20:05:00,,,,,,,,,,,,,,,,,,
2023-05-12 20:10:00,,,,,,,,,,,,,,,,,,
2023-05-12 20:15:00,,,,,,,,,,,,,,,,,,
2023-05-12 20:20:00,,,,,,,,,,,,,,,,,,
2023-05-12 20:25:00,,,,,,,,,,,,,,,,,,
2023-05-12 20:30:00,,,,,,,,,,,,,,,,,,
2023-05-12 20:35:00,,,,,,,,,,,,,,,,,,
2023-05-12 20:40:00,,,,,,,,,,,,,,,,,,
2023-05-12 20:45:00,,,,,,,,,,,,,,,,,,
2023-05-12 20:50:00,,,,,,,,,,,,,,,,,,
2023-05-12 20:55:00,,,,,,,,,,,,,,,,,,
2023-05-12 21:00:00,,,,,,,,,,,,,,,,,,
2023-05-12 21:05:00,,,,,,,,,,,,,,,,,,
2023-05-12 21:10:00,,,,,,,,,,,,,,,,,,
2023-05-12 21:15:00,,,,,,,,,,,,,,,,,,
2023-05-12 21:20:00,,,,,,,,,,,,,,,,,,
2023-05-12 21:25:00,,,,,,,,,,,,,,,,,,
2023-05-12 21:30:00,,,,,,,,,,,,,,,,,,
2023-05-12 21:35:00,,,,,,,,,,,,,,,,,,
2023-05-12 21:40:00,,,,,,,,,,,,,,,,,,
2023-05-12 21:45:00,,,,,,,,,,,,,,,,,,
2023-05-12 21:50:00,,,,,,,,,,,,,,,,,,
2023-05-12 21:55:00,,,,,,,,,,,,,,,,,,
2023-05-12 22:00:00,,,,,,,,,,,,,,,,,,
2023-05-12 22:05:00,,,,,,,,,,,,,,,,,,
2023-05-12 22:10:00,,,,,,,,,,,,,,,,,,
2023-05-12 22:15:00,,,,,,,,,,,,,,,,,,
2023-05-12 22:20:00,,,,,,,,,,,,,,,,,,
2023-05-12 22:25:00,,,,,,,,,,,,,,,,,,
2023-05-12 22:30:00,,,,,,,,,,,,,,,,,,
2023-05-12 22:35:00,,,,,,,,,,,,,,,,,,
2023-05-12 22:40:00,,,,,,,,,,,,,,,,,,
2023-05-12 22:45:00,,,,,,,,,,,,,,,,,,
2023-05-12 22:50:00,,,,,,,,,,,,,,,,,,
2023-05-12 22:55:00,,,,,,,,,,,,,,,,,,
2023-05-12 23:00:00,,,,,,,,,,,,,,,,,,
2023-05-12 23:05:00,,,,,,,,,,,,,,,,,,
2023-05-12 23:10:00,,,,,,,,,,,,,,,,,,
2023-05-12 23:15:00,,,,,,,,,,,,,,,,,,
2023-05-12 23:20:00,,,,,,,,,,,,,,,,,,
2023-05-12 23:25:00,,,,,,,,,,,,,,,,,,
2023-05-12 23:30:00,,,,,,,,,,,,,,,,,,
2023-05-12 23:35:00,,,,,,,,,,,,,,,,,,
2023-05-12 23:40:00,,,,,,,,,,,,,,,,,,
2023-05-12 23:45:00,,,,,,,,,,,,,,,,,,
2023-05-12 23:50:00,,,,,,,,,,,,,,,,,,
2023-05-12 23:55:00,,,,,,,,,,,,,,,,,,
2023-05-13 00:00:00,,,,,,,,,,,,,,,,,,
2023-05-13 00:05:00,,,,,,,,,,,,,,,,,,
2023-05-13 00:10:00,,,,,,,,,,,,,,,,,,
2023-05-13 00:15:00,,,,,,,,,,,,,,,,,,
2023-05-13 00:20:00,,,,,,,,,,,,,,,,,,
2023-05-13 00:25:00,,,,,,,,,,,,,,,,,,
2023-05-13 00:30:00,,,,,,,,,,,,,,,,,,
2023-05-13 00:35:00,,,,,,,,,,,,,,,,,,
2023-05-13 00:40:00,,,,,,,,,,,,,,,,,,
2023-05-13 00:45:00,,,,,,,,,,,,,,,,,,
2023-05-13 00:50:00,,,,,,,,,,,,,,,,,,
2023-05-13 00:55:00,,,,,,,,,,,,,,,,,,
2023-05-13 01:00:00,,,,,,,,,,,,,,,,,,
2023-05-13 01:05:00,,,,,,,,,,,,,,,,,,
2023-05-13 01:10:00,,,,,,,,,,,,,,,,,,
2023-05-13 01:15:00,,,,,,,,,,,,,,,,,,
2023-05-13 01:20:00,,,,,,,,,,,,,,,,,,
2023-05-13 01:25:00,,,,,,,,,,,,,,,,,,
2023-05-13 01:30:00,,,,,,,,,,,,,,,,,,
2023-05-13 01:35:00,,,,,,,,,,,,,,,,,,
2023-05-13 01:40:00,,,,,,,,,,,,,,,,,,
2023-05-13 01:45:00,,,,,,,,,,,,,,,,,,
2023-05-13 01:50:00,,,,,,,,,,,,,,,,,,
2023-05-13 01:55:00,,,,,,,,,,,,,,,,,,
2023-05-13 02:00:00,,,,,,,,,,,,,,,,,,
2023-05-13 02:05:00,,,,,,,,,,,,,,,,,,
2023-05-13 02:10:00,,,,,,,,,,,,,,,,,,
2023-05-13 02:15:00,,,,,,,,,,,,,,,,,,
2023-05-13 02:20:00,,,,,,,,,,,,,,,,,,
2023-05-13 02:25:00,,,,,,,,,,,,,,,,,,
2023-05-13 02:30:00,,,,,,,,,,,,,,,,,,
2023-05-13 02:35:00,,,,,,,,,,,,,,,,,,
2023-05-13 02:40:00,,,,,,,,,,,,,,,,,,
2023-05-13 02:45:00,,,,,,,,,,,,,,,,,,
2023-05-13 02:50:00,,,,,,,,,,,,,,,,,,
2023-05-13 02:55:00,,,,,,,,,,,,,,,,,,
2023-05-13 03:00:00,,,,,,,,,,,,,,,,,,
2023-05-13 03:05:00,,,,,,,,,,,,,,,,,,
2023-05-13 03:10:00,,,,,,,,,,,,,,,,,,
2023-05-13 03:15:00,,,,,,,,,,,,,,,,,,
2023-05-13 03:20:00,,,,,,,,,,,,,,,,,,
2023-05-13 03:25:00,,,,,,,,,,,,,,,,,,
2023-05-13 03:30:00,,,,,,,,,,,,,,,,,,
2023-05-13 03:35:00,,,,,,,,,,,,,,,,,,
2023-05-13 03:40:00,,,,,,,,,,,,,,,,,,
2023-05-13 03:45:00,,,,,,,,,,,,,,,,,,
2023-05-13 03:50:00,,,,,,,,,,,,,,,,,,
2023-05-13 03:55:00,,,,,,,,,,,,,,,,,,
2023-05-13 04:00:00,,,,,,,,,,,,,,,,,,
2023-05-13 04:05:00,,,,,,,,,,,,,,,,,,
2023-05-13 04:10:00,,,,,,,,,,,,,,,,,,
2023-05-13 04:15:00,,,,,,,,,,,,,,,,,,
2023-05-13 04:20:00,,,,,,,,,,,,,,,,,,
2023-05-13 04:25:00,,,,,,,,,,,,,,,,,,
2023-05-13 04:30:00,,,,,,,,,,,,,,,,,,
2023-05-13 04:35:00,,,,,,,,,,,,,,,,,,
2023-05-13 04:40:00,,,,,,,,,,,,,,,,,,
2023-05-13 04:45:00,,,,,,,,,,,,,,,,,,
2023-05-13 04:50:00,,,,,,,,,,,,,,,,,,
2023-05-13 04:55:00,,,,,,,,,,,,,,,,,,
2023-05-13 05:00:00,,,,,,,,,,,,,,,,,,
2023-05-13 05:05:00,,,,,,,,,,,,,,,,,,
2023-05-13 05:10:00,,,,,,,,,,,,,,,,,,
2023-05-13 05:15:00,,,,,,,,,,,,,,,,,,
2023-05-13 05:20:00,,,,,,,,,,,,,,,,,,
2023-05-13 05:25:00,,,,,,,,,,,,,,,,,,
2023-05-13 05:30:00,,,,,,,,,,,,,,,,,,
2023-05-13 05:35:00,,,,,,,,,,,,,,,,,,
2023-05-13 05:40:00,,,,,,,,,,,,,,,,,,
2023-05-13 05:45:00,,,,,,,,,,,,,,,,,,
2023-05-13 05:50:00,,,,,,,,,,,,,,,,,,
2023-05-13 05:55:00,,,,,,,,,,,,,,,,,,
2023-05-13 06:00:00,,,,,,,,,,,,,,,,,,
2023-05-13 06:05:00,,,,,,,,,,,,,,,,,,
2023-05-13 06:10:00,,,,,,,,,,,,,,,,,,
2023-05-13 06:15:00,,,,,,,,,,,,,,,,,,
2023-05-13 06:20:00,,,,,,,,,,,,,,,,,,
2023-05-13 06:25:00,,,,,,,,,,,,,,,,,,
2023-05-13 06:30:00,,,,,,,,,,,,,,,,,,
2023-05-13 06:35:00,,,,,,,,,,,,,,,,,,
2023-05-13 06:40:00,,,,,,,,,,,,,,,,,,
2023-05-13 06:45:00,,,,,,,,,,,,,,,,,,
2023-05-13 06:50:00,,,,,,,,,,,,,,,,,,
2023-05-13 06:55:00,,,,,,,,,,,,,,,,,,
2023-05-13 07:00:00,,,,,,,,,,,,,,,,,,
2023-05-13 07:05:00,,,,,,,,,,,,,,,,,,
2023-05-13 07:10:00,,,,,,,,,,,,,,,,,,
2023-05-13 07:15:00,,,,,,,,,,,,,,,,,,
2023-05-13 07:20:00,,,,,,,,,,,,,,,,,,
2023-05-13 07:25:00,,,,,,,,,,,,,,,,,,
2023-05-13 07:30:00,,,,,,,,,,,,,,,,,,
2023-05-13 07:35:00,,,,,,,,,,,,,,,,,,
2023-05-13 07:40:00,,,,,,,,,,,,,,,,,,
2023-05-13 07:45:00,,,,,,,,,,,,,,,,,,
2023-05-13 07:50:00,,,,,,,,,,,,,,,,,,
2023-05-13 07:55:00,,,,,,,,,,,,,,,,,,
2023-05-13 08:00:00,,,,,,,,,,,,,,,,,,
2023-05-13 08:05:00,,,,,,,,,,,,,,,,,,
2023-05-13 08:10:00,,,,,,,,,,,,,,,,,,
2023-05-13 08:15:00,,,,,,,,,,,,,,,,,,
2023-05-13 08:20:00,,,,,,,,,,,,,,,,,,
2023-05-13 08:25:00,,,,,,,,,,,,,,,,,,
2023-05-13 08:30:00,,,,,,,,,,,,,,,,,,
2023-05-13 08:35:00,,,,,,,,,,,,,,,,,,
2023-05-13 08:40:00,,,,,,,,,,,,,,,,,,
2023-05-13 08:45:00,,,,,,,,,,,,,,,,,,
2023-05-13 08:50:00,,,,,,,,,,,,,,,,,,
2023-05-13 08:55:00,,,,,,,,,,,,,,,,,,
2023-05-13 09:00:00,,,,,,,,,,,,,,,,,,
2023-05-13 09:05:00,,,,,,,,,,,,,,,,,,
2023-05-13 09:10:00,,,,,,,,,,,,,,,,,,
2023-05-13 09:15:00,,,,,,,,,,,,,,,,,,
2023-05-13 09:20:00,,,,,,,,,,,,,,,,,,
2023-05-13 09:25:00,,,,,,,,,,,,,,,,,,
2023-05-13 09:30:00,,,,,,,,,,,,,,,,,,
2023-05-13 09:35:00,,,,,,,,,,,,,,,,,,
2023-05-13 09:40:00,,,,,,,,,,,,,,,,,,
2023-05-13 09:45:00,,,,,,,,,,,,,,,,,,
2023-05-13 09:50:00,,,,,,,,,,,,,,,,,,
2023-05-13 09:55:00,,,,,,,,,,,,,,,,,,
2023-05-13 10:00:00,,,,,,,,,,,,,,,,,,
2023-05-13 10:05:00,,,,,,,,,,,,,,,,,,
2023-05-13 10:10:00,,,,,,,,,,,,,,,,,,
2023-05-13 10:15:00,,,,,,,,,,,,,,,,,,
2023-05-13 10:20:00,,,,,,,,,,,,,,,,,,
2023-05-13 10:25:00,,,,,,,,,,,,,,,,,,
2023-05-13 10:30:00,,,,,,,,,,,,,,,,,,
2023-05-13 10:35:00,,,,,,,,,,,,,,,,,,
2023-05-13 10:40:00,,,,,,,,,,,,,,,,,,
2023-05-13 10:45:00,,,,,,,,,,,,,,,,,,
2023-05-13 10:50:00,,,,,,,,,,,,,,,,,,
2023-05-13 10:55:00,,,,,,,,,,,,,,,,,,
2023-05-13 11:00:00,,,,,,,,,,,,,,,,,,
2023-05-13 11:05:00,,,,,,,,,,,,,,,,,,
2023-05-13 11:10:00,,,,,,,,,,,,,,,,,,
2023-05-13 11:15:00,,,,,,,,,,,,,,,,,,
2023-05-13 11:20:00,,,,,,,,,,,,,,,,,,
2023-05-13 11:25:00,,,,,,,,,,,,,,,,,,
2023-05-13 11:30:00,,,,,,,,,,,,,,,,,,
2023-05-13 11:35:00,,,,,,,,,,,,,,,,,,
2023-05-13 11:40:00,,,,,,,,,,,,,,,,,,
2023-05-13 11:45:00,,,,,,,,,,,,,,,,,,
2023-05-13 11:50:00,,,,,,,,,,,,,,,,,,
2023-05-13 11:55:00,,,,,,,,,,,,,,,,,,
2023-05-13 12:00:00,,,,,,,,,,,,,,,,,,
2023-05-13 12:05:00,,,,,,,,,,,,,,,,,,
2023-05-13 12:10:00,,,,,,,,,,,,,,,,,,
2023-05-13 12:15:00,,,,,,,,,,,,,,,,,,
2023-05-13 12:20:00,,,,,,,,,,,,,,,,,,
2023-05-13 12:25:00,,,,,,,,,,,,,,,,,,
2023-05-13 12:30:00,,,,,,,,,,,,,,,,,,
2023-05-13 12:35:00,,,,,,,,,,,,,,,,,,
2023-05-13 12:40:00,,,,,,,,,,,,,,,,,,
2023-05-13 12:45:00,,,,,,,,,,,,,,,,,,
2023-05-13 12:50:00,,,,,,,,,,,,,,,,,,
2023-05-13 12:55:00,,,,,,,,,,,,,,,,,,
2023-05-13 13:00:00,,,,,,,,,,,,,,,,,,
2023-05-13 13:05:00,,,,,,,,,,,,,,,,,,
2023-05-13 13:10:00,,,,,,,,,,,,,,,,,,
2023-05-13 13:15:00,,,,,,,,,,,,,,,,,,
2023-05-13 13:20:00,,,,,,,,,,,,,,,,,,
2023-05-13 13:25:00,,,,,,,,,,,,,,,,,,
2023-05-13 13:30:00,,,,,,,,,,,,,,,,,,
2023-05-13 13:35:00,,,,,,,,,,,,,,,,,,
2023-05-13 13:40:00,,,,,,,,,,,,,,,,,,
2023-05-13 13:45:00,,,,,,,,,,,,,,,,,,
2023-05-13 13:50:00,,,,,,,,,,,,,,,,,,
2023-05-13 13:55:00,,,,,,,,,,,,,,,,,,
2023-05-13 14:00:00,,,,,,,,,,,,,,,,,,
2023-05-13 14:05:00,,,,,,,,,,,,,,,,,,
2023-05-13 14:10:00,,,,,,,,,,,,,,,,,,
2023-05-13 14:15:00,,,,,,,,,,,,,,,,,,
2023-05-13 14:20:00,,,,,,,,,,,,,,,,,,
2023-05-13 14:25:00,,,,,,,,,,,,,,,,,,
2023-05-13 14:30:00,,,,,,,,,,,,,,,,,,
2023-05-13 14:35:00,,,,,,,,,,,,,,,,,,
2023-05-13 14:40:00,,,,,,,,,,,,,,,,,,
2023-05-13 14:45:00,,,,,,,,,,,,,,,,,,
2023-05-13 14:50:00,,,,,,,,,,,,,,,,,,
2023-05-13 14:55:00,,,,,,,,,,,,,,,,,,
2023-05-13 15:00:00,,,,,,,,,,,,,,,,,,
2023-05-13 15:05:00,,,,,,,,,,,,,,,,,,
2023-05-13 15:10:00,,,,,,,,,,,,,,,,,,
2023-05-13 15:15:00,,,,,,,,,,,,,,,,,,
2023-05-13 15:20:00,,,,,,,,,,,,,,,,,,
2023-05-13 15:25:00,,,,,,,,,,,,,,,,,,
2023-05-13 15:30:00,,,,,,,,,,,,,,,,,,
2023-05-13 15:35:00,,,,,,,,,,,,,,,,,,
2023-05-13 15:40:00,,,,,,,,,,,,,,,,,,
2023-05-13 15:45:00,,,,,,,,,,,,,,,,,,
2023-05-13 15:50:00,,,,,,,,,,,,,,,,,,
2023-05-13 15:55:00,,,,,,,,,,,,,,,,,,
2023-05-13 16:00:00,,,,,,,,,,,,,,,,,,
2023-05-13 16:05:00,,,,,,,,,,,,,,,,,,
2023-05-13 16:10:00,,,,,,,,,,,,,,,,,,
2023-05-13 16:15:00,,,,,,,,,,,,,,,,,,
2023-05-13 16:20:00,,,,,,,,,,,,,,,,,,
2023-05-13 16:25:00,,,,,,,,,,,,,,,,,,
2023-05-13 16:30:00,,,,,,,,,,,,,,,,,,
2023-05-13 16:35:00,,,,,,,,,,,,,,,,,,
2023-05-13 16:40:00,,,,,,,,,,,,,,,,,,
2023-05-13 16:45:00,,,,,,,,,,,,,,,,,,
2023-05-13 16:50:00,,,,,,,,,,,,,,,,,,
2023-05-13 16:55:00,,,,,,,,,,,,,,,,,,
2023-05-13 17:00:00,,,,,,,,,,,,,,,,,,
2023-05-13 17:05:00,,,,,,,,,,,,,,,,,,
2023-05-13 17:10:00,,,,,,,,,,,,,,,,,,
2023-05-13 17:15:00,,,,,,,,,,,,,,,,,,
2023-05-13 17:20:00,,,,,,,,,,,,,,,,,,
2023-05-13 17:25:00,,,,,,,,,,,,,,,,,,
2023-05-13 17:30:00,,,,,,,,,,,,,,,,,,
2023-05-13 17:35:00,,,,,,,,,,,,,,,,,,
2023-05-13 17:40:00,,,,,,,,,,,,,,,,,,
2023-05-13 17:45:00,,,,,,,,,,,,,,,,,,
2023-05-13 17:50:00,,,,,,,,,,,,,,,,,,
2023-05-13 17:55:00,,,,,,,,,,,,,,,,,,
2023-05-13 18:00:00,,,,,,,,,,,,,,,,,,
2023-05-13 18:05:00,,,,,,,,,,,,,,,,,,
2023-05-13 18:10:00,,,,,,,,,,,,,,,,,,
2023-05-13 18:15:00,,,,,,,,,,,,,,,,,,
2023-05-13 18:20:00,,,,,,,,,,,,,,,,,,
2023-05-13 18:25:00,,,,,,,,,,,,,,,,,,
2023-05-13 18:30:00,,,,,,,,,,,,,,,,,,
2023-05-13 18:35:00,,,,,,,,,,,,,,,,,,
2023-05-13 18:40:00,,,,,,,,,,,,,,,,,,
2023-05-13 18:45:00,,,,,,,,,,,,,,,,,,
2023-05-13 18:50:00,,,,,,,,,,,,,,,,,,
2023-05-13 18:55:00,,,,,,,,,,,,,,,,,,
2023-05-13 19:00:00,,,,,,,,,,,,,,,,,,
2023-05-13 19:05:00,,,,,,,,,,,,,,,,,,
2023-05-13 19:10:00,,,,,,,,,,,,,,,,,,
2023-05-13 19:15:00,,,,,,,,,,,,,,,,,,
2023-05-13 19:20:00,,,,,,,,,,,,,,,,,,
2023-05-13 19:25:00,,,,,,,,,,,,,,,,,,
2023-05-13 19:30:00,,,,,,,,,,,,,,,,,,
2023-05-13 19:35:00,,,,,,,,,,,,,,,,,,
2023-05-13 19:40:00,,,,,,,,,,,,,,,,,,
2023-05-13 19:45:00,,,,,,,,,,,,,,,,,,
2023-05-13 19:50:00,,,,,,,,,,,,,,,,,,
2023-05-13 19:55:00,,,,,,,,,,,,,,,,,,
2023-05-13 20:00:00,,,,,,,,,,,,,,,,,,
2023-05-13 20:05:00,,,,,,,,,,,,,,,,,,
2023-05-13 20:10:00,,,,,,,,,,,,,,,,,,
2023-05-13 20:15:00,,,,,,,,,,,,,,,,,,
2023-05-13 20:20:00,,,,,,,,,,,,,,,,,,
2023-05-13 20:25:00,,,,,,,,,,,,,,,,,,
2023-05-13 20:30:00,,,,,,,,,,,,,,,,,,
2023-05-13 20:35:00,,,,,,,,,,,,,,,,,,
2023-05-13 20:40:00,,,,,,,,,,,,,,,,,,
2023-05-13 20:45:00,,,,,,,,,,,,,,,,,,
2023-05-13 20:50:00,,,,,,,,,,,,,,,,,,
2023-05-13 20:55:00,,,,,,,,,,,,,,,,,,
2023-05-13 21:00:00,,,,,,,,,,,,,,,,,,
2023-05-13 21:05:00,,,,,,,,,,,,,,,,,,
2023-05-13 21:10:00,,,,,,,,,,,,,,,,,,
2023-05-13 21:15:00,,,,,,,,,,,,,,,,,,
2023-05-13 21:20:00,,,,,,,,,,,,,,,,,,
2023-05-13 21:25:00,,,,,,,,,,,,,,,,,,
2023-05-13 21:30:00,,,,,,,,,,,,,,,,,,
2023-05-13 21:35:00,,,,,,,,,,,,,,,,,,
2023-05-13 21:40:00,,,,,,,,,,,,,,,,,,
2023-05-13 21:45:00,,,,,,,,,,,,,,,,,,
2023-05-13 21:50:00,,,,,,,,,,,,,,,,,,
2023-05-13 21:55:00,,,,,,,,,,,,,,,,,,
2023-05-13 22:00:00,,,,,,,,,,,,,,,,,,
2023-05-13 22:05:00,,,,,,,,,,,,,,,,,,
2023-05-13 22:10:00,,,,,,,,,,,,,,,,,,
2023-05-13 22:15:00,,,,,,,,,,,,,,,,,,
2023-05-13 22:20:00,,,,,,,,,,,,,,,,,,
2023-05-13 22:25:00,,,,,,,,,,,,,,,,,,
2023-05-13 22:30:00,,,,,,,,,,,,,,,,,,
2023-05-13 22:35:00,,,,,,,,,,,,,,,,,,
2023-05-13 22:40:00,,,,,,,,,,,,,,,,,,
2023-05-13 22:45:00,,,,,,,,,,,,,,,,,,
2023-05-13 22:50:00,,,,,,,,,,,,,,,,,,
2023-05-13 22:55:00,,,,,,,,,,,,,,,,,,
2023-05-13 23:00:00,,,,,,,,,,,,,,,,,,
2023-05-13 23:05:00,,,,,,,,,,,,,,,,,,
2023-05-13 23:10:00,,,,,,,,,,,,,,,,,,
2023-05-13 23:15:00,,,,,,,,,,,,,,,,,,
2023-05-13 23:20:00,,,,,,,,,,,,,,,,,,
2023-05-13 23:25:00,,,,,,,,,,,,,,,,,,
2023-05-13 23:30:00,,,,,,,,,,,,,,,,,,
2023-05-13 23:35:00,,,,,,,,,,,,,,,,,,
2023-05-13 23:40:00,,,,,,,,,,,,,,,,,,
2023-05-13 23:45:00,,,,,,,,,,,,,,,,,,
2023-05-13 23:50:00,,,,,,,,,,,,,,,,,,
2023-05-13 23:55:00,,,,,,,,,,,,,,,,,,
2023-05-14 00:00:00,,,,,,,,,,,,,,,,,,
2023-05-14 00:05:00,,,,,,,,,,,,,,,,,,
2023-05-14 00:10:00,,,,,,,,,,,,,,,,,,
2023-05-14 00:15:00,,,,,,,,,,,,,,,,,,
2023-05-14 00:20:00,,,,,,,,,,,,,,,,,,
2023-05-14 00:25:00,,,,,,,,,,,,,,,,,,
2023-05-14 00:30:00,,,,,,,,,,,,,,,,,,
2023-05-14 00:35:00,,,,,,,,,,,,,,,,,,
2023-05-14 00:40:00,,,,,,,,,,,,,,,,,,
2023-05-14 00:45:00,,,,,,,,,,,,,,,,,,
2023-05-14 00:50:00,,,,,,,,,,,,,,,,,,
2023-05-14 00:55:00,,,,,,,,,,,,,,,,,,
2023-05-14 01:00:00,,,,,,,,,,,,,,,,,,
2023-05-14 01:05:00,,,,,,,,,,,,,,,,,,
2023-05-14 01:10:00,,,,,,,,,,,,,,,,,,
2023-05-14 01:15:00,,,,,,,,,,,,,,,,,,
2023-05-14 01:20:00,,,,,,,,,,,,,,,,,,
2023-05-14 01:25:00,,,,,,,,,,,,,,,,,,
2023-05-14 01:30:00,,,,,,,,,,,,,,,,,,
2023-05-14 01:35:00,,,,,,,,,,,,,,,,,,
2023-05-14 01:40:00,,,,,,,,,,,,,,,,,,
2023-05-14 01:45:00,,,,,,,,,,,,,,,,,,
2023-05-14 01:50:00,,,,,,,,,,,,,,,,,,
2023-05-14 01:55:00,,,,,,,,,,,,,,,,,,
2023-05-14 02:00:00,,,,,,,,,,,,,,,,,,
2023-05-14 02:05:00,,,,,,,,,,,,,,,,,,
2023-05-14 02:10:00,,,,,,,,,,,,,,,,,,
2023-05-14 02:15:00,,,,,,,,,,,,,,,,,,
2023-05-14 02:20:00,,,,,,,,,,,,,,,,,,
2023-05-14 02:25:00,,,,,,,,,,,,,,,,,,
2023-05-14 02:30:00,,,,,,,,,,,,,,,,,,
2023-05-14 02:35:00,,,,,,,,,,,,,,,,,,
2023-05-14 02:40:00,,,,,,,,,,,,,,,,,,
2023-05-14 02:45:00,,,,,,,,,,,,,,,,,,
2023-05-14 02:50:00,,,,,,,,,,,,,,,,,,
2023-05-14 02:55:00,,,,,,,,,,,,,,,,,,
2023-05-14 03:00:00,,,,,,,,,,,,,,,,,,
2023-05-14 03:05:00,,,,,,,,,,,,,,,,,,
2023-05-14 03:10:00,,,,,,,,,,,,,,,,,,
2023-05-14 03:15:00,,,,,,,,,,,,,,,,,,
2023-05-14 03:20:00,,,,,,,,,,,,,,,,,,
2023-05-14 03:25:00,,,,,,,,,,,,,,,,,,
2023-05-14 03:30:00,,,,,,,,,,,,,,,,,,
2023-05-14 03:35:00,,,,,,,,,,,,,,,,,,
2023-05-14 03:40:00,,,,,,,,,,,,,,,,,,
2023-05-14 03:45:00,,,,,,,,,,,,,,,,,,
2023-05-14 03:50:00,,,,,,,,,,,,,,,,,,
2023-05-14 03:55:00,,,,,,,,,,,,,,,,,,
2023-05-14 04:00:00,,,,,,,,,,,,,,,,,,
2023-05-14 04:05:00,,,,,,,,,,,,,,,,,,
2023-05-14 04:10:00,,,,,,,,,,,,,,,,,,
2023-05-14 04:15:00,,,,,,,,,,,,,,,,,,
2023-05-14 04:20:00,,,,,,,,,,,,,,,,,,
2023-05-14 04:25:00,,,,,,,,,,,,,,,,,,
2023-05-14 04:30:00,,,,,,,,,,,,,,,,,,
2023-05-14 04:35:00,,,,,,,,,,,,,,,,,,
2023-05-14 04:40:00,,,,,,,,,,,,,,,,,,
2023-05-14 04:45:00,,,,,,,,,,,,,,,,,,
2023-05-14 04:50:00,,,,,,,,,,,,,,,,,,
2023-05-14 04:55:00,,,,,,,,,,,,,,,,,,
2023-05-14 05:00:00,,,,,,,,,,,,,,,,,,
2023-05-14 05:05:00,,,,,,,,,,,,,,,,,,
2023-05-14 05:10:00,,,,,,,,,,,,,,,,,,
2023-05-14 05:15:00,,,,,,,,,,,,,,,,,,
2023-05-14 05:20:00,,,,,,,,,,,,,,,,,,
2023-05-14 05:25:00,,,,,,,,,,,,,,,,,,
2023-05-14 05:30:00,,,,,,,,,,,,,,,,,,
2023-05-14 05:35:00,,,,,,,,,,,,,,,,,,
2023-05-14 05:40:00,,,,,,,,,,,,,,,,,,
2023-05-14 05:45:00,,,,,,,,,,,,,,,,,,
2023-05-14 05:50:00,,,,,,,,,,,,,,,,,,
2023-05-14 05:55:00,,,,,,,,,,,,,,,,,,
2023-05-14 06:00:00,,,,,,,,,,,,,,,,,,
2023-05-14 06:05:00,,,,,,,,,,,,,,,,,,
2023-05-14 06:10:00,,,,,,,,,,,,,,,,,,
2023-05-14 06:15:00,,,,,,,,,,,,,,,,,,
2023-05-14 06:20:00,,,,,,,,,,,,,,,,,,
2023-05-14 06:25:00,,,,,,,,,,,,,,,,,,
2023-05-14 06:30:00,,,,,,,,,,,,,,,,,,
2023-05-14 06:35:00,,,,,,,,,,,,,,,,,,
2023-05-14 06:40:00,,,,,,,,,,,,,,,,,,
2023-05-14 06:45:00,,,,,,,,,,,,,,,,,,
2023-05-14 06:50:00,,,,,,,,,,,,,,,,,,
2023-05-14 06:55:00,,,,,,,,,,,,,,,,,,
2023-05-14 07:00:00,,,,,,,,,,,,,,,,,,
2023-05-14 07:05:00,,,,,,,,,,,,,,,,,,
2023-05-14 07:10:00,,,,,,,,,,,,,,,,,,
2023-05-14 07:15:00,,,,,,,,,,,,,,,,,,
2023-05-14 07:20:00,,,,,,,,,,,,,,,,,,
2023-05-14 07:25:00,,,,,,,,,,,,,,,,,,
2023-05-14 07:30:00,,,,,,,,,,,,,,,,,,
2023-05-14 07:35:00,,,,,,,,,,,,,,,,,,
2023-05-14 07:40:00,,,,,,,,,,,,,,,,,,
2023-05-14 07:45:00,,,,,,,,,,,,,,,,,,
2023-05-14 07:50:00,,,,,,,,,,,,,,,,,,
2023-05-14 07:55:00,,,,,,,,,,,,,,,,,,
2023-05-14 08:00:00,,,,,,,,,,,,,,,,,,
2023-05-14 08:05:00,,,,,,,,,,,,,,,,,,
2023-05-14 08:10:00,,,,,,,,,,,,,,,,,,
2023-05-14 08:15:00,,,,,,,,,,,,,,,,,,
2023-05-14 08:20:00,,,,,,,,,,,,,,,,,,
2023-05-14 08:25:00,,,,,,,,,,,,,,,,,,
2023-05-14 08:30:00,,,,,,,,,,,,,,,,,,
2023-05-14 08:35:00,,,,,,,,,,,,,,,,,,
2023-05-14 08:40:00,,,,,,,,,,,,,,,,,,
2023-05-14 08:45:00,,,,,,,,,,,,,,,,,,
2023-05-14 08:50:00,,,,,,,,,,,,,,,,,,
2023-05-14 08:55:00,,,,,,,,,,,,,,,,,,
2023-05-14 09:00:00,,,,,,,,,,,,,,,,,,
2023-05-14 09:05:00,,,,,,,,,,,,,,,,,,
2023-05-14 09:10:00,,,,,,,,,,,,,,,,,,
2023-05-14 09:15:00,,,,,,,,,,,,,,,,,,
2023-05-14 09:20:00,,,,,,,,,,,,,,,,,,
2023-05-14 09:25:00,,,,,,,,,,,,,,,,,,
2023-05-14 09:30:00,,,,,,,,,,,,,,,,,,
2023-05-14 09:35:00,,,,,,,,,,,,,,,,,,
2023-05-14 09:40:00,,,,,,,,,,,,,,,,,,
2023-05-14 09:45:00,,,,,,,,,,,,,,,,,,
2023-05-14 09:50:00,,,,,,,,,,,,,,,,,,
2023-05-14 09:55:00,,,,,,,,,,,,,,,,,,
2023-05-14 10:00:00,,,,,,,,,,,,,,,,,,
2023-05-14 10:05:00,,,,,,,,,,,,,,,,,,
2023-05-14 10:10:00,,,,,,,,,,,,,,,,,,
2023-05-14 10:15:00,,,,,,,,,,,,,,,,,,
2023-05-14 10:20:00,,,,,,,,,,,,,,,,,,
2023-05-14 10:25:00,,,,,,,,,,,,,,,,,,
2023-05-14 10:30:00,,,,,,,,,,,,,,,,,,
2023-05-14 10:35:00,,,,,,,,,,,,,,,,,,
2023-05-14 10:40:00,,,,,,,,,,,,,,,,,,
2023-05-14 10:45:00,,,,,,,,,,,,,,,,,,
2023-05-14 10:50:00,,,,,,,,,,,,,,,,,,
2023-05-14 10:55:00,,,,,,,,,,,,,,,,,,
2023-05-14 11:00:00,,,,,,,,,,,,,,,,,,
2023-05-14 11:05:00,,,,,,,,,,,,,,,,,,
2023-05-14 11:10:00,,,,,,,,,,,,,,,,,,
2023-05-14 11:15:00,,,,,,,,,,,,,,,,,,
2023-05-14 11:20:00,,,,,,,,,,,,,,,,,,
2023-05-14 11:25:00,,,,,,,,,,,,,,,,,,
2023-05-14 11:30:00,,,,,,,,,,,,,,,,,,
2023-05-14 11:35:00,,,,,,,,,,,,,,,,,,
2023-05-14 11:40:00,,,,,,,,,,,,,,,,,,
2023-05-14 11:45:00,,,,,,,,,,,,,,,,,,
2023-05-14 11:50:00,,,,,,,,,,,,,,,,,,
2023-05-14 11:55:00,,,,,,,,,,,,,,,,,,
2023-05-14 12:00:00,,,,,,,,,,,,,,,,,,
2023-05-14 12:05:00,,,,,,,,,,,,,,,,,,
2023-05-14 12:10:00,,,,,,,,,,,,,,,,,,
2023-05-14 12:15:00,,,,,,,,,,,,,,,,,,
2023-05-14 12:20:00,,,,,,,,,,,,,,,,,,
2023-05-14 12:25:00,,,,,,,,,,,,,,,,,,
2023-05-14 12:30:00,,,,,,,,,,,,,,,,,,
2023-05-14 12:35:00,,,,,,,,,,,,,,,,,,
2023-05-14 12:40:00,,,,,,,,,,,,,,,,,,
2023-05-14 12:45:00,,,,,,,,,,,,,,,,,,
2023-05-14 12:50:00,,,,,,,,,,,,,,,,,,
2023-05-14 12:55:00,,,,,,,,,,,,,,,,,,
2023-05-14 13:00:00,,,,,,,,,,,,,,,,,,
2023-05-14 13:05:00,,,,,,,,,,,,,,,,,,
2023-05-14 13:10:00,,,,,,,,,,,,,,,,,,
2023-05-14 13:15:00,,,,,,,,,,,,,,,,,,
2023-05-14 13:20:00,,,,,,,,,,,,,,,,,,
2023-05-14 13:25:00,,,,,,,,,,,,,,,,,,
2023-05-14 13:30:00,,,,,,,,,,,,,,,,,,
2023-05-14 13:35:00,,,,,,,,,,,,,,,,,,
2023-05-14 13:40:00,,,,,,,,,,,,,,,,,,
2023-05-14 13:45:00,,,,,,,,,,,,,,,,,,
2023-05-14 13:50:00,,,,,,,,,,,,,,,,,,
2023-05-14 13:55:00,,,,,,,,,,,,,,,,,,
2023-05-14 14:00:00,,,,,,,,,,,,,,,,,,
2023-05-14 14:05:00,,,,,,,,,,,,,,,,,,
2023-05-14 14:10:00,,,,,,,,,,,,,,,,,,
2023-05-14 14:15:00,,,,,,,,,,,,,,,,,,
2023-05-14 14:20:00,,,,,,,,,,,,,,,,,,
2023-05-14 14:25:00,,,,,,,,,,,,,,,,,,
2023-05-14 14:30:00,,,,,,,,,,,,,,,,,,
2023-05-14 14:35:00,,,,,,,,,,,,,,,,,,
2023-05-14 14:40:00,,,,,,,,,,,,,,,,,,
2023-05-14 14:45:00,,,,,,,,,,,,,,,,,,
2023-05-14 14:50:00,,,,,,,,,,,,,,,,,,
2023-05-14 14:55:00,,,,,,,,,,,,,,,,,,
2023-05-14 15:00:00,,,,,,,,,,,,,,,,,,
2023-05-14 15:05:00,,,,,,,,,,,,,,,,,,
2023-05-14 15:10:00,,,,,,,,,,,,,,,,,,
2023-05-14 15:15:00,,,,,,,,,,,,,,,,,,
2023-05-14 15:20:00,,,,,,,,,,,,,,,,,,
2023-05-14 15:25:00,,,,,,,,,,,,,,,,,,
2023-05-14 15:30:00,,,,,,,,,,,,,,,,,,
2023-05-14 15:35:00,,,,,,,,,,,,,,,,,,
2023-05-14 15:40:00,,,,,,,,,,,,,,,,,,
2023-05-14 15:45:00,,,,,,,,,,,,,,,,,,
2023-05-14 15:50:00,,,,,,,,,,,,,,,,,,
2023-05-14 15:55:00,,,,,,,,,,,,,,,,,,
2023-05-14 16:00:00,,,,,,,,,,,,,,,,,,
2023-05-14 16:05:00,,,,,,,,,,,,,,,,,,
2023-05-14 16:10:00,,,,,,,,,,,,,,,,,,
2023-05-14 16:15:00,,,,,,,,,,,,,,,,,,
2023-05-14 16:20:00,,,,,,,,,,,,,,,,,,
2023-05-14 16:25:00,,,,,,,,,,,,,,,,,,
2023-05-14 16:30:00,,,,,,,,,,,,,,,,,,
2023-05-14 16:35:00,,,,,,,,,,,,,,,,,,
2023-05-14 16:40:00,,,,,,,,,,,,,,,,,,
2023-05-14 16:45:00,,,,,,,,,,,,,,,,,,
2023-05-14 16:50:00,,,,,,,,,,,,,,,,,,
2023-05-14 16:55:00,,,,,,,,,,,,,,,,,,
2023-05-14 17:00:00,,,,,,,,,,,,,,,,,,
2023-05-14 17:05:00,,,,,,,,,,,,,,,,,,
2023-05-14 17:10:00,,,,,,,,,,,,,,,,,,
2023-05-14 17:15:00,,,,,,,,,,,,,,,,,,
2023-05-14 17:20:00,,,,,,,,,,,,,,,,,,
2023-05-14 17:25:00,,,,,,,,,,,,,,,,,,
2023-05-14 17:30:00,,,,,,,,,,,,,,,,,,
2023-05-14 17:35:00,,,,,,,,,,,,,,,,,,
2023-05-14 17:40:00,,,,,,,,,,,,,,,,,,
2023-05-14 17:45:00,,,,,,,,,,,,,,,,,,
2023-05-14 17:50:00,,,,,,,,,,,,,,,,,,
2023-05-14 17:55:00,,,,,,,,,,,,,,,,,,
2023-05-14 18:00:00,,,,,,,,,,,,,,,,,,
2023-05-14 18:05:00,,,,,,,,,,,,,,,,,,
2023-05-14 18:10:00,,,,,,,,,,,,,,,,,,
2023-05-14 18:15:00,,,,,,,,,,,,,,,,,,
2023-05-14 18:20:00,,,,,,,,,,,,,,,,,,
2023-05-14 18:25:00,,,,,,,,,,,,,,,,,,
2023-05-14 18:30:00,,,,,,,,,,,,,,,,,,
2023-05-14 18:35:00,,,,,,,,,,,,,,,,,,
2023-05-14 18:40:00,,,,,,,,,,,,,,,,,,
2023-05-14 18:45:00,,,,,,,,,,,,,,,,,,
2023-05-14 18:50:00,,,,,,,,,,,,,,,,,,
2023-05-14 18:55:00,,,,,,,,,,,,,,,,,,
2023-05-14 19:00:00,,,,,,,,,,,,,,,,,,
2023-05-14 19:05:00,,,,,,,,,,,,,,,,,,
2023-05-14 19:10:00,,,,,,,,,,,,,,,,,,
2023-05-14 19:15:00,,,,,,,,,,,,,,,,,,
2023-05-14 19:20:00,,,,,,,,,,,,,,,,,,
2023-05-14 19:25:00,,,,,,,,,,,,,,,,,,
2023-05-14 19:30:00,,,,,,,,,,,,,,,,,,
2023-05-14 19:35:00,,,,,,,,,,,,,,,,,,
2023-05-14 19:40:00,,,,,,,,,,,,,,,,,,
2023-05-14 19:45:00,,,,,,,,,,,,,,,,,,
2023-05-14 19:50:00,,,,,,,,,,,,,,,,,,
2023-05-14 19:55:00,,,,,,,,,,,,,,,,,,
2023-05-14 20:00:00,,,,,,,,,,,,,,,,,,
2023-05-14 20:05:00,,,,,,,,,,,,,,,,,,
2023-05-14 20:10:00,,,,,,,,,,,,,,,,,,
2023-05-14 20:15:00,,,,,,,,,,,,,,,,,,
2023-05-14 20:20:00,,,,,,,,,,,,,,,,,,
2023-05-14 20:25:00,,,,,,,,,,,,,,,,,,
2023-05-14 20:30:00,,,,,,,,,,,,,,,,,,
2023-05-14 20:35:00,,,,,,,,,,,,,,,,,,
2023-05-14 20:40:00,,,,,,,,,,,,,,,,,,
2023-05-14 20:45:00,,,,,,,,,,,,,,,,,,
2023-05-14 20:50:00,,,,,,,,,,,,,,,,,,
2023-05-14 20:55:00,,,,,,,,,,,,,,,,,,
2023-05-14 21:00:00,,,,,,,,,,,,,,,,,,
2023-05-14 21:05:00,,,,,,,,,,,,,,,,,,
2023-05-14 21:10:00,,,,,,,,,,,,,,,,,,
2023-05-14 21:15:00,,,,,,,,,,,,,,,,,,
2023-05-14 21:20:00,,,,,,,,,,,,,,,,,,
2023-05-14 21:25:00,,,,,,,,,,,,,,,,,,
2023-05-14 21:30:00,,,,,,,,,,,,,,,,,,
2023-05-14 21:35:00,,,,,,,,,,,,,,,,,,
2023-05-14 21:40:00,,,,,,,,,,,,,,,,,,
2023-05-14 21:45:00,,,,,,,,,,,,,,,,,,
2023-05-14 21:50:00,,,,,,,,,,,,,,,,,,
2023-05-14 21:55:00,,,,,,,,,,,,,,,,,,
2023-05-14 22:00:00,,,,,,,,,,,,,,,,,,
2023-05-14 22:05:00,,,,,,,,,,,,,,,,,,
2023-05-14 22:10:00,,,,,,,,,,,,,,,,,,
2023-05-14 22:15:00,,,,,,,,,,,,,,,,,,
2023-05-14 22:20:00,,,,,,,,,,,,,,,,,,
2023-05-14 22:25:00,,,,,,,,,,,,,,,,,,
2023-05-14 22:30:00,,,,,,,,,,,,,,,,,,
2023-05-14 22:35:00,,,,,,,,,,,,,,,,,,
2023-05-14 22:40:00,,,,,,,,,,,,,,,,,,
2023-05-14 22:45:00,,,,,,,,,,,,,,,,,,
2023-05-14 22:50:00,,,,,,,,,,,,,,,,,,
2023-05-14 22:55:00,,,,,,,,,,,,,,,,,,
2023-05-14 23:00:00,,,,,,,,,,,,,,,,,,
2023-05-14 23:05:00,,,,,,,,,,,,,,,,,,
2023-05-14 23:10:00,,,,,,,,,,,,,,,,,,
2023-05-14 23:15:00,,,,,,,,,,,,,,,,,,
2023-05-14 23:20:00,,,,,,,,,,,,,,,,,,
2023-05-14 23:25:00,,,,,,,,,,,,,,,,,,
2023-05-14 23:30:00,,,,,,,,,,,,,,,,,,
2023-05-14 23:35:00,,,,,,,,,,,,,,,,,,
2023-05-14 23:40:00,,,,,,,,,,,,,,,,,,
2023-05-14 23:45:00,,,,,,,,,,,,,,,,,,
2023-05-14 23:50:00,,,,,,,,,,,,,,,,,,
2023-05-14 23:55:00,,,,,,,,,,,,,,,,,,
2023-05-15 00:00:00,,,,,,,,,,,,,,,,,,
2023-05-15 00:05:00,,,,,,,,,,,,,,,,,,
2023-05-15 00:10:00,,,,,,,,,,,,,,,,,,
2023-05-15 00:15:00,,,,,,,,,,,,,,,,,,
2023-05-15 00:20:00,,,,,,,,,,,,,,,,,,
2023-05-15 00:25:00,,,,,,,,,,,,,,,,,,
2023-05-15 00:30:00,,,,,,,,,,,,,,,,,,
2023-05-15 00:35:00,,,,,,,,,,,,,,,,,,
2023-05-15 00:40:00,,,,,,,,,,,,,,,,,,
2023-05-15 00:45:00,,,,,,,,,,,,,,,,,,
2023-05-15 00:50:00,,,,,,,,,,,,,,,,,,
2023-05-15 00:55:00,,,,,,,,,,,,,,,,,,
2023-05-15 01:00:00,,,,,,,,,,,,,,,,,,
2023-05-15 01:05:00,,,,,,,,,,,,,,,,,,
2023-05-15 01:10:00,,,,,,,,,,,,,,,,,,
2023-05-15 01:15:00,,,,,,,,,,,,,,,,,,
2023-05-15 01:20:00,,,,,,,,,,,,,,,,,,
2023-05-15 01:25:00,,,,,,,,,,,,,,,,,,
2023-05-15 01:30:00,,,,,,,,,,,,,,,,,,
2023-05-15 01:35:00,,,,,,,,,,,,,,,,,,
2023-05-15 01:40:00,,,,,,,,,,,,,,,,,,
2023-05-15 01:45:00,,,,,,,,,,,,,,,,,,
2023-05-15 01:50:00,,,,,,,,,,,,,,,,,,
2023-05-15 01:55:00,,,,,,,,,,,,,,,,,,
2023-05-15 02:00:00,,,,,,,,,,,,,,,,,,
2023-05-15 02:05:00,,,,,,,,,,,,,,,,,,
2023-05-15 02:10:00,,,,,,,,,,,,,,,,,,
2023-05-15 02:15:00,,,,,,,,,,,,,,,,,,
2023-05-15 02:20:00,,,,,,,,,,,,,,,,,,
2023-05-15 02:25:00,,,,,,,,,,,,,,,,,,
2023-05-15 02:30:00,,,,,,,,,,,,,,,,,,
2023-05-15 02:35:00,,,,,,,,,,,,,,,,,,
2023-05-15 02:40:00,,,,,,,,,,,,,,,,,,
2023-05-15 02:45:00,,,,,,,,,,,,,,,,,,
2023-05-15 02:50:00,,,,,,,,,,,,,,,,,,
2023-05-15 02:55:00,,,,,,,,,,,,,,,,,,
2023-05-15 03:00:00,,,,,,,,,,,,,,,,,,
2023-05-15 03:05:00,,,,,,,,,,,,,,,,,,
2023-05-15 03:10:00,,,,,,,,,,,,,,,,,,
2023-05-15 03:15:00,,,,,,,,,,,,,,,,,,
2023-05-15 03:20:00,,,,,,,,,,,,,,,,,,
2023-05-15 03:25:00,,,,,,,,,,,,,,,,,,
2023-05-15 03:30:00,,,,,,,,,,,,,,,,,,
2023-05-15 03:35:00,,,,,,,,,,,,,,,,,,
2023-05-15 03:40:00,,,,,,,,,,,,,,,,,,
2023-05-15 03:45:00,,,,,,,,,,,,,,,,,,
2023-05-15 03:50:00,,,,,,,,,,,,,,,,,,
2023-05-15 03:55:00,,,,,,,,,,,,,,,,,,
2023-05-15 04:00:00,,,,,,,,,,,,,,,,,,
2023-05-15 04:05:00,,,,,,,,,,,,,,,,,,
2023-05-15 04:10:00,,,,,,,,,,,,,,,,,,
2023-05-15 04:15:00,,,,,,,,,,,,,,,,,,
2023-05-15 04:20:00,,,,,,,,,,,,,,,,,,
2023-05-15 04:25:00,,,,,,,,,,,,,,,,,,
2023-05-15 04:30:00,,,,,,,,,,,,,,,,,,
2023-05-15 04:35:00,,,,,,,,,,,,,,,,,,
2023-05-15 04:40:00,,,,,,,,,,,,,,,,,,
2023-05-15 04:45:00,,,,,,,,,,,,,,,,,,
2023-05-15 04:50:00,,,,,,,,,,,,,,,,,,
2023-05-15 04:55:00,,,,,,,,,,,,,,,,,,
2023-05-15 05:00:00,,,,,,,,,,,,,,,,,,
2023-05-15 05:05:00,,,,,,,,,,,,,,,,,,
2023-05-15 05:10:00,,,,,,,,,,,,,,,,,,
2023-05-15 05:15:00,,,,,,,,,,,,,,,,,,
2023-05-15 05:20:00,,,,,,,,,,,,,,,,,,
2023-05-15 05:25:00,,,,,,,,,,,,,,,,,,
2023-05-15 05:30:00,,,,,,,,,,,,,,,,,,
2023-05-15 05:35:00,,,,,,,,,,,,,,,,,,
2023-05-15 05:40:00,,,,,,,,,,,,,,,,,,
2023-05-15 05:45:00,,,,,,,,,,,,,,,,,,
2023-05-15 05:50:00,,,,,,,,,,,,,,,,,,
2023-05-15 05:55:00,,,,,,,,,,,,,,,,,,
2023-05-15 06:00:00,,,,,,,,,,,,,,,,,,
2023-05-15 06:05:00,,,,,,,,,,,,,,,,,,
2023-05-15 06:10:00,,,,,,,,,,,,,,,,,,
2023-05-15 06:15:00,,,,,,,,,,,,,,,,,,
2023-05-15 06:20:00,,,,,,,,,,,,,,,,,,
2023-05-15 06:25:00,,,,,,,,,,,,,,,,,,
2023-05-15 06:30:00,,,,,,,,,,,,,,,,,,
2023-05-15 06:35:00,,,,,,,,,,,,,,,,,,
2023-05-15 06:40:00,,,,,,,,,,,,,,,,,,
2023-05-15 06:45:00,,,,,,,,,,,,,,,,,,
2023-05-15 06:50:00,,,,,,,,,,,,,,,,,,
2023-05-15 06:55:00,,,,,,,,,,,,,,,,,,
2023-05-15 07:00:00,,,,,,,,,,,,,,,,,,
2023-05-15 07:05:00,,,,,,,,,,,,,,,,,,
2023-05-15 07:10:00,,,,,,,,,,,,,,,,,,
2023-05-15 07:15:00,,,,,,,,,,,,,,,,,,
2023-05-15 07:20:00,,,,,,,,,,,,,,,,,,
2023-05-15 07:25:00,,,,,,,,,,,,,,,,,,
2023-05-15 07:30:00,,,,,,,,,,,,,,,,,,
2023-05-15 07:35:00,,,,,,,,,,,,,,,,,,
2023-05-15 07:40:00,,,,,,,,,,,,,,,,,,
2023-05-15 07:45:00,,,,,,,,,,,,,,,,,,
2023-05-15 07:50:00,,,,,,,,,,,,,,,,,,
2023-05-15 07:55:00,,,,,,,,,,,,,,,,,,
2023-05-15 08:00:00,,,,,,,,,,,,,,,,,,
2023-05-15 08:05:00,,,,,,,,,,,,,,,,,,
2023-05-15 08:10:00,,,,,,,,,,,,,,,,,,
2023-05-15 08:15:00,,,,,,,,,,,,,,,,,,
2023-05-15 08:20:00,,,,,,,,,,,,,,,,,,
2023-05-15 08:25:00,,,,,,,,,,,,,,,,,,
2023-05-15 08:30:00,,,,,,,,,,,,,,,,,,
2023-05-15 08:35:00,,,,,,,,,,,,,,,,,,
2023-05-15 08:40:00,,,,,,,,,,,,,,,,,,
2023-05-15 08:45:00,,,,,,,,,,,,,,,,,,
2023-05-15 08:50:00,,,,,,,,,,,,,,,,,,
2023-05-15 08:55:00,,,,,,,,,,,,,,,,,,
2023-05-15 09:00:00,,,,,,,,,,,,,,,,,,
2023-05-15 09:05:00,,,,,,,,,,,,,,,,,,
2023-05-15 09:10:00,,,,,,,,,,,,,,,,,,
2023-05-15 09:15:00,,,,,,,,,,,,,,,,,,
2023-05-15 09:20:00,,,,,,,,,,,,,,,,,,
2023-05-15 09:25:00,,,,,,,,,,,,,,,,,,
2023-05-15 09:30:00,,,,,,,,,,,,,,,,,,
2023-05-15 09:35:00,,,,,,,,,,,,,,,,,,
2023-05-15 09:40:00,,,,,,,,,,,,,,,,,,
2023-05-15 09:45:00,,,,,,,,,,,,,,,,,,
2023-05-15 09:50:00,,,,,,,,,,,,,,,,,,
2023-05-15 09:55:00,,,,,,,,,,,,,,,,,,
2023-05-15 10:00:00,,,,,,,,,,,,,,,,,,
2023-05-15 10:05:00,,,,,,,,,,,,,,,,,,
2023-05-15 10:10:00,,,,,,,,,,,,,,,,,,
2023-05-15 10:15:00,,,,,,,,,,,,,,,,,,
2023-05-15 10:20:00,,,,,,,,,,,,,,,,,,
2023-05-15 10:25:00,,,,,,,,,,,,,,,,,,
2023-05-15 10:30:00,,,,,,,,,,,,,,,,,,
2023-05-15 10:35:00,,,,,,,,,,,,,,,,,,
2023-05-15 10:40:00,,,,,,,,,,,,,,,,,,
2023-05-15 10:45:00,,,,,,,,,,,,,,,,,,
2023-05-15 10:50:00,,,,,,,,,,,,,,,,,,
2023-05-15 10:55:00,,,,,,,,,,,,,,,,,,
2023-05-15 11:00:00,,,,,,,,,,,,,,,,,,
2023-05-15 11:05:00,,,,,,,,,,,,,,,,,,
2023-05-15 11:10:00,,,,,,,,,,,,,,,,,,
2023-05-15 11:15:00,,,,,,,,,,,,,,,,,,
2023-05-15 11:20:00,,,,,,,,,,,,,,,,,,
2023-05-15 11:25:00,,,,,,,,,,,,,,,,,,
2023-05-15 11:30:00,,,,,,,,,,,,,,,,,,
2023-05-15 11:35:00,,,,,,,,,,,,,,,,,,
2023-05-15 11:40:00,,,,,,,,,,,,,,,,,,
2023-05-15 11:45:00,,,,,,,,,,,,,,,,,,
2023-05-15 11:50:00,,,,,,,,,,,,,,,,,,
2023-05-15 11:55:00,,,,,,,,,,,,,,,,,,
2023-05-15 12:00:00,,,,,,,,,,,,,,,,,,
2023-05-15 12:05:00,,,,,,,,,,,,,,,,,,
2023-05-15 12:10:00,,,,,,,,,,,,,,,,,,
2023-05-15 12:15:00,,,,,,,,,,,,,,,,,,
2023-05-15 12:20:00,,,,,,,,,,,,,,,,,,
2023-05-15 12:25:00,,,,,,,,,,,,,,,,,,
2023-05-15 12:30:00,,,,,,,,,,,,,,,,,,
2023-05-15 12:35:00,,,,,,,,,,,,,,,,,,
2023-05-15 12:40:00,,,,,,,,,,,,,,,,,,
2023-05-15 12:45:00,,,,,,,,,,,,,,,,,,
2023-05-15 12:50:00,,,,,,,,,,,,,,,,,,
2023-05-15 12:55:00,,,,,,,,,,,,,,,,,,
2023-05-15 13:00:00,,,,,,,,,,,,,,,,,,
2023-05-15 13:05:00,,,,,,,,,,,,,,,,,,
2023-05-15 13:10:00,,,,,,,,,,,,,,,,,,
2023-05-15 13:15:00,,,,,,,,,,,,,,,,,,
2023-05-15 13:20:00,,,,,,,,,,,,,,,,,,
2023-05-15 13:25:00,,,,,,,,,,,,,,,,,,
2023-05-15 13:30:00,,,,,,,,,,,,,,,,,,
2023-05-15 13:35:00,,,,,,,,,,,,,,,,,,
2023-05-15 13:40:00,,,,,,,,,,,,,,,,,,
2023-05-15 13:45:00,,,,,,,,,,,,,,,,,,
2023-05-15 13:50:00,,,,,,,,,,,,,,,,,,
2023-05-15 13:55:00,,,,,,,,,,,,,,,,,,
2023-05-15 14:00:00,,,,,,,,,,,,,,,,,,
2023-05-15 14:05:00,,,,,,,,,,,,,,,,,,
2023-05-15 14:10:00,,,,,,,,,,,,,,,,,,
2023-05-15 14:15:00,,,,,,,,,,,,,,,,,,
2023-05-15 14:20:00,,,,,,,,,,,,,,,,,,
2023-05-15 14:25:00,,,,,,,,,,,,,,,,,,
2023-05-15 14:30:00,,,,,,,,,,,,,,,,,,
2023-05-15 14:35:00,,,,,,,,,,,,,,,,,,
2023-05-15 14:40:00,,,,,,,,,,,,,,,,,,
2023-05-15 14:45:00,,,,,,,,,,,,,,,,,,
2023-05-15 14:50:00,,,,,,,,,,,,,,,,,,
2023-05-15 14:55:00,,,,,,,,,,,,,,,,,,
2023-05-15 15:00:00,,,,,,,,,,,,,,,,,,
2023-05-15 15:05:00,,,,,,,,,,,,,,,,,,
2023-05-15 15:10:00,,,,,,,,,,,,,,,,,,
2023-05-15 15:15:00,,,,,,,,,,,,,,,,,,
2023-05-15 15:20:00,,,,,,,,,,,,,,,,,,
2023-05-15 15:25:00,,,,,,,,,,,,,,,,,,
2023-05-15 15:30:00,,,,,,,,,,,,,,,,,,
2023-05-15 15:35:00,,,,,,,,,,,,,,,,,,
2023-05-15 15:40:00,,,,,,,,,,,,,,,,,,
2023-05-15 15:45:00,,,,,,,,,,,,,,,,,,
2023-05-15 15:50:00,,,,,,,,,,,,,,,,,,
2023-05-15 15:55:00,,,,,,,,,,,,,,,,,,
2023-05-15 16:00:00,,,,,,,,,,,,,,,,,,
2023-05-15 16:05:00,,,,,,,,,,,,,,,,,,
2023-05-15 16:10:00,,,,,,,,,,,,,,,,,,
2023-05-15 16:15:00,,,,,,,,,,,,,,,,,,
2023-05-15 16:20:00,,,,,,,,,,,,,,,,,,
2023-05-15 16:25:00,,,,,,,,,,,,,,,,,,
2023-05-15 16:30:00,,,,,,,,,,,,,,,,,,
2023-05-15 16:35:00,,,,,,,,,,,,,,,,,,
2023-05-15 16:40:00,,,,,,,,,,,,,,,,,,
2023-05-15 16:45:00,,,,,,,,,,,,,,,,,,
2023-05-15 16:50:00,,,,,,,,,,,,,,,,,,
2023-05-15 16:55:00,,,,,,,,,,,,,,,,,,
2023-05-15 17:00:00,,,,,,,,,,,,,,,,,,
2023-05-15 17:05:00,,,,,,,,,,,,,,,,,,
2023-05-15 17:10:00,,,,,,,,,,,,,,,,,,
2023-05-15 17:15:00,,,,,,,,,,,,,,,,,,
2023-05-15 17:20:00,,,,,,,,,,,,,,,,,,
2023-05-15 17:25:00,,,,,,,,,,,,,,,,,,
2023-05-15 17:30:00,,,,,,,,,,,,,,,,,,
2023-05-15 17:35:00,,,,,,,,,,,,,,,,,,
2023-05-15 17:40:00,,,,,,,,,,,,,,,,,,
2023-05-15 17:45:00,,,,,,,,,,,,,,,,,,
2023-05-15 17:50:00,,,,,,,,,,,,,,,,,,
2023-05-15 17:55:00,,,,,,,,,,,,,,,,,,
2023-05-15 18:00:00,,,,,,,,,,,,,,,,,,
2023-05-15 18:05:00,,,,,,,,,,,,,,,,,,
2023-05-15 18:10:00,,,,,,,,,,,,,,,,,,
2023-05-15 18:15:00,,,,,,,,,,,,,,,,,,
2023-05-15 18:20:00,,,,,,,,,,,,,,,,,,
2023-05-15 18:25:00,,,,,,,,,,,,,,,,,,
2023-05-15 18:30:00,,,,,,,,,,,,,,,,,,
2023-05-15 18:35:00,,,,,,,,,,,,,,,,,,
2023-05-15 18:40:00,,,,,,,,,,,,,,,,,,
2023-05-15 18:45:00,,,,,,,,,,,,,,,,,,
2023-05-15 18:50:00,,,,,,,,,,,,,,,,,,
2023-05-15 18:55:00,,,,,,,,,,,,,,,,,,
2023-05-15 19:00:00,,,,,,,,,,,,,,,,,,
2023-05-15 19:05:00,,,,,,,,,,,,,,,,,,
2023-05-15 19:10:00,,,,,,,,,,,,,,,,,,
2023-05-15 19:15:00,,,,,,,,,,,,,,,,,,
2023-05-15 19:20:00,,,,,,,,,,,,,,,,,,
2023-05-15 19:25:00,,,,,,,,,,,,,,,,,,
2023-05-15 19:30:00,,,,,,,,,,,,,,,,,,
2023-05-15 19:35:00,,,,,,,,,,,,,,,,,,
2023-05-15 19:40:00,,,,,,,,,,,,,,,,,,
2023-05-15 19:45:00,,,,,,,,,,,,,,,,,,
2023-05-15 19:50:00,,,,,,,,,,,,,,,,,,
2023-05-15 19:55:00,,,,,,,,,,,,,,,,,,
2023-05-15 20:00:00,,,,,,,,,,,,,,,,,,
2023-05-15 20:05:00,,,,,,,,,,,,,,,,,,
2023-05-15 20:10:00,,,,,,,,,,,,,,,,,,
2023-05-15 20:15:00,,,,,,,,,,,,,,,,,,
2023-05-15 20:20:00,,,,,,,,,,,,,,,,,,
2023-05-15 20:25:00,,,,,,,,,,,,,,,,,,
2023-05-15 20:30:00,,,,,,,,,,,,,,,,,,
2023-05-15 20:35:00,,,,,,,,,,,,,,,,,,
2023-05-15 20:40:00,,,,,,,,,,,,,,,,,,
2023-05-15 20:45:00,,,,,,,,,,,,,,,,,,
2023-05-15 20:50:00,,,,,,,,,,,,,,,,,,
2023-05-15 20:55:00,,,,,,,,,,,,,,,,,,
2023-05-15 21:00:00,,,,,,,,,,,,,,,,,,
2023-05-15 21:05:00,,,,,,,,,,,,,,,,,,
2023-05-15 21:10:00,,,,,,,,,,,,,,,,,,
2023-05-15 21:15:00,,,,,,,,,,,,,,,,,,
2023-05-15 21:20:00,,,,,,,,,,,,,,,,,,
2023-05-15 21:25:00,,,,,,,,,,,,,,,,,,
2023-05-15 21:30:00,,,,,,,,,,,,,,,,,,
2023-05-15 21:35:00,,,,,,,,,,,,,,,,,,
2023-05-15 21:40:00,,,,,,,,,,,,,,,,,,
2023-05-15 21:45:00,,,,,,,,,,,,,,,,,,
2023-05-15 21:50:00,,,,,,,,,,,,,,,,,,
2023-05-15 21:55:00,,,,,,,,,,,,,,,,,,
2023-05-15 22:00:00,,,,,,,,,,,,,,,,,,
2023-05-15 22:05:00,,,,,,,,,,,,,,,,,,
2023-05-15 22:10:00,,,,,,,,,,,,,,,,,,
2023-05-15 22:15:00,,,,,,,,,,,,,,,,,,
2023-05-15 22:20:00,,,,,,,,,,,,,,,,,,
2023-05-15 22:25:00,,,,,,,,,,,,,,,,,,
2023-05-15 22:30:00,,,,,,,,,,,,,,,,,,
2023-05-15 22:35:00,,,,,,,,,,,,,,,,,,
2023-05-15 22:40:00,,,,,,,,,,,,,,,,,,
2023-05-15 22:45:00,,,,,,,,,,,,,,,,,,
2023-05-15 22:50:00,,,,,,,,,,,,,,,,,,
2023-05-15 22:55:00,,,,,,,,,,,,,,,,,,
2023-05-15 23:00:00,,,,,,,,,,,,,,,,,,
2023-05-15 23:05:00,,,,,,,,,,,,,,,,,,
2023-05-15 23:10:00,,,,,,,,,,,,,,,,,,
2023-05-15 23:15:00,,,,,,,,,,,,,,,,,,
2023-05-15 23:20:00,,,,,,,,,,,,,,,,,,
2023-05-15 23:25:00,,,,,,,,,,,,,,,,,,
2023-05-15 23:30:00,,,,,,,,,,,,,,,,,,
2023-05-15 23:35:00,,,,,,,,,,,,,,,,,,
2023-05-15 23:40:00,,,,,,,,,,,,,,,,,,
2023-05-15 23:45:00,,,,,,,,,,,,,,,,,,
2023-05-15 23:50:00,,,,,,,,,,,,,,,,,,
2023-05-15 23:55:00,,,,,,,,,,,,,,,,,,
2023-05-16 00:00:00,,,,,,,,,,,,,,,,,,
2023-05-16 00:05:00,,,,,,,,,,,,,,,,,,
2023-05-16 00:10:00,,,,,,,,,,,,,,,,,,
2023-05-16 00:15:00,,,,,,,,,,,,,,,,,,
2023-05-16 00:20:00,,,,,,,,,,,,,,,,,,
2023-05-16 00:25:00,,,,,,,,,,,,,,,,,,
2023-05-16 00:30:00,,,,,,,,,,,,,,,,,,
2023-05-16 00:35:00,,,,,,,,,,,,,,,,,,
2023-05-16 00:40:00,,,,,,,,,,,,,,,,,,
2023-05-16 00:45:00,,,,,,,,,,,,,,,,,,
2023-05-16 00:50:00,,,,,,,,,,,,,,,,,,
2023-05-16 00:55:00,,,,,,,,,,,,,,,,,,
2023-05-16 01:00:00,,,,,,,,,,,,,,,,,,
2023-05-16 01:05:00,,,,,,,,,,,,,,,,,,
2023-05-16 01:10:00,,,,,,,,,,,,,,,,,,
2023-05-16 01:15:00,,,,,,,,,,,,,,,,,,
2023-05-16 01:20:00,,,,,,,,,,,,,,,,,,
2023-05-16 01:25:00,,,,,,,,,,,,,,,,,,
2023-05-16 01:30:00,,,,,,,,,,,,,,,,,,
2023-05-16 01:35:00,,,,,,,,,,,,,,,,,,
2023-05-16 01:40:00,,,,,,,,,,,,,,,,,,
2023-05-16 01:45:00,,,,,,,,,,,,,,,,,,
2023-05-16 01:50:00,,,,,,,,,,,,,,,,,,
2023-05-16 01:55:00,,,,,,,,,,,,,,,,,,
2023-05-16 02:00:00,,,,,,,,,,,,,,,,,,
2023-05-16 02:05:00,,,,,,,,,,,,,,,,,,
2023-05-16 02:10:00,,,,,,,,,,,,,,,,,,
2023-05-16 02:15:00,,,,,,,,,,,,,,,,,,
2023-05-16 02:20:00,,,,,,,,,,,,,,,,,,
2023-05-16 02:25:00,,,,,,,,,,,,,,,,,,
2023-05-16 02:30:00,,,,,,,,,,,,,,,,,,
2023-05-16 02:35:00,,,,,,,,,,,,,,,,,,
2023-05-16 02:40:00,,,,,,,,,,,,,,,,,,
2023-05-16 02:45:00,,,,,,,,,,,,,,,,,,
2023-05-16 02:50:00,,,,,,,,,,,,,,,,,,
2023-05-16 02:55:00,,,,,,,,,,,,,,,,,,
2023-05-16 03:00:00,,,,,,,,,,,,,,,,,,
2023-05-16 03:05:00,,,,,,,,,,,,,,,,,,
2023-05-16 03:10:00,,,,,,,,,,,,,,,,,,
2023-05-16 03:15:00,,,,,,,,,,,,,,,,,,
2023-05-16 03:20:00,,,,,,,,,,,,,,,,,,
2023-05-16 03:25:00,,,,,,,,,,,,,,,,,,
2023-05-16 03:30:00,,,,,,,,,,,,,,,,,,
2023-05-16 03:35:00,,,,,,,,,,,,,,,,,,
2023-05-16 03:40:00,,,,,,,,,,,,,,,,,,
2023-05-16 03:45:00,,,,,,,,,,,,,,,,,,
2023-05-16 03:50:00,,,,,,,,,,,,,,,,,,
2023-05-16 03:55:00,,,,,,,,,,,,,,,,,,
2023-05-16 04:00:00,,,,,,,,,,,,,,,,,,
2023-05-16 04:05:00,,,,,,,,,,,,,,,,,,
2023-05-16 04:10:00,,,,,,,,,,,,,,,,,,
2023-05-16 04:15:00,,,,,,,,,,,,,,,,,,
2023-05-16 04:20:00,,,,,,,,,,,,,,,,,,
2023-05-16 04:25:00,,,,,,,,,,,,,,,,,,
2023-05-16 04:30:00,,,,,,,,,,,,,,,,,,
2023-05-16 04:35:00,,,,,,,,,,,,,,,,,,
2023-05-16 04:40:00,,,,,,,,,,,,,,,,,,
2023-05-16 04:45:00,,,,,,,,,,,,,,,,,,
2023-05-16 04:50:00,,,,,,,,,,,,,,,,,,
2023-05-16 04:55:00,,,,,,,,,,,,,,,,,,
2023-05-16 05:00:00,,,,,,,,,,,,,,,,,,
2023-05-16 05:05:00,,,,,,,,,,,,,,,,,,
2023-05-16 05:10:00,,,,,,,,,,,,,,,,,,
2023-05-16 05:15:00,,,,,,,,,,,,,,,,,,
2023-05-16 05:20:00,,,,,,,,,,,,,,,,,,
2023-05-16 05:25:00,,,,,,,,,,,,,,,,,,
2023-05-16 05:30:00,,,,,,,,,,,,,,,,,,
2023-05-16 05:35:00,,,,,,,,,,,,,,,,,,
2023-05-16 05:40:00,,,,,,,,,,,,,,,,,,
2023-05-16 05:45:00,,,,,,,,,,,,,,,,,,
2023-05-16 05:50:00,,,,,,,,,,,,,,,,,,
2023-05-16 05:55:00,,,,,,,,,,,,,,,,,,
2023-05-16 06:00:00,,,,,,,,,,,,,,,,,,
2023-05-16 06:05:00,,,,,,,,,,,,,,,,,,
2023-05-16 06:10:00,,,,,,,,,,,,,,,,,,
2023-05-16 06:15:00,,,,,,,,,,,,,,,,,,
2023-05-16 06:20:00,,,,,,,,,,,,,,,,,,
2023-05-16 06:25:00,,,,,,,,,,,,,,,,,,
2023-05-16 06:30:00,,,,,,,,,,,,,,,,,,
2023-05-16 06:35:00,,,,,,,,,,,,,,,,,,
2023-05-16 06:40:00,,,,,,,,,,,,,,,,,,
2023-05-16 06:45:00,,,,,,,,,,,,,,,,,,
2023-05-16 06:50:00,,,,,,,,,,,,,,,,,,
2023-05-16 06:55:00,,,,,,,,,,,,,,,,,,
2023-05-16 07:00:00,,,,,,,,,,,,,,,,,,
2023-05-16 07:05:00,,,,,,,,,,,,,,,,,,
2023-05-16 07:10:00,,,,,,,,,,,,,,,,,,
2023-05-16 07:15:00,,,,,,,,,,,,,,,,,,
2023-05-16 07:20:00,,,,,,,,,,,,,,,,,,
2023-05-16 07:25:00,,,,,,,,,,,,,,,,,,
2023-05-16 07:30:00,,,,,,,,,,,,,,,,,,
2023-05-16 07:35:00,,,,,,,,,,,,,,,,,,
2023-05-16 07:40:00,,,,,,,,,,,,,,,,,,
2023-05-16 07:45:00,,,,,,,,,,,,,,,,,,
2023-05-16 07:50:00,,,,,,,,,,,,,,,,,,
2023-05-16 07:55:00,,,,,,,,,,,,,,,,,,
2023-05-16 08:00:00,,,,,,,,,,,,,,,,,,
2023-05-16 08:05:00,,,,,,,,,,,,,,,,,,
2023-05-16 08:10:00,,,,,,,,,,,,,,,,,,
2023-05-16 08:15:00,,,,,,,,,,,,,,,,,,
2023-05-16 08:20:00,,,,,,,,,,,,,,,,,,
2023-05-16 08:25:00,,,,,,,,,,,,,,,,,,
2023-05-16 08:30:00,,,,,,,,,,,,,,,,,,
2023-05-16 08:35:00,,,,,,,,,,,,,,,,,,
2023-05-16 08:40:00,,,,,,,,,,,,,,,,,,
2023-05-16 08:45:00,,,,,,,,,,,,,,,,,,
2023-05-16 08:50:00,,,,,,,,,,,,,,,,,,
2023-05-16 08:55:00,,,,,,,,,,,,,,,,,,
2023-05-16 09:00:00,,,,,,,,,,,,,,,,,,
2023-05-16 09:05:00,,,,,,,,,,,,,,,,,,
2023-05-16 09:10:00,,,,,,,,,,,,,,,,,,
2023-05-16 09:15:00,,,,,,,,,,,,,,,,,,
2023-05-16 09:20:00,,,,,,,,,,,,,,,,,,
2023-05-16 09:25:00,,,,,,,,,,,,,,,,,,
2023-05-16 09:30:00,,,,,,,,,,,,,,,,,,
2023-05-16 09:35:00,,,,,,,,,,,,,,,,,,
2023-05-16 09:40:00,,,,,,,,,,,,,,,,,,
2023-05-16 09:45:00,,,,,,,,,,,,,,,,,,
2023-05-16 09:50:00,,,,,,,,,,,,,,,,,,
2023-05-16 09:55:00,,,,,,,,,,,,,,,,,,
2023-05-16 10:00:00,,,,,,,,,,,,,,,,,,
2023-05-16 10:05:00,,,,,,,,,,,,,,,,,,
2023-05-16 10:10:00,,,,,,,,,,,,,,,,,,
2023-05-16 10:15:00,,,,,,,,,,,,,,,,,,
2023-05-16 10:20:00,,,,,,,,,,,,,,,,,,
2023-05-16 10:25:00,,,,,,,,,,,,,,,,,,
2023-05-16 10:30:00,30.4,,22.8,22.3,22.55,22.9,22.9,[22.9],0.0,22.8,0.03,20.7,26.0,1.0,22.3,0.48,24.0,26.0
2023-05-16 10:35:00,28.9,,22.7,22.1,22.4,22.9,22.9,[22.9],0.0,22.7,0.03,19.8,26.0,1.0,22.1,5.4,22.4,26.0
2023-05-16 10:40:00,29.0,,22.7,22.2,22.45,22.8,22.8,[22.8],0.0,22.7,0.03,17.9,26.0,1.0,22.2,4.11,21.5,26.0
2023-05-16 10:45:00,29.1,,22.6,22.1,22.35,22.6,22.6,[22.6],0.0,22.6,0.03,17.9,26.0,1.0,22.1,0.45,21.7,26.0
2023-05-16 10:50:00,29.1,,22.4,22.0,22.2,22.6,22.6,[22.6],0.0,22.4,0.03,18.3,26.0,1.0,22.0,0.42,21.7,26.0
2023-05-16 10:55:00,29.2,,22.4,21.8,22.1,22.7,22.7,[22.7],0.0,22.4,0.03,19.1,26.0,1.0,21.8,0.48,23.2,26.0
2023-05-16 11:00:00,29.2,,22.4,21.8,22.1,22.8,22.8,[22.8],0.0,22.4,0.03,19.9,26.0,1.0,21.8,0.48,23.6,26.0
2023-05-16 11:05:00,29.1,,22.5,22.0,22.25,22.9,22.9,[22.9],0.0,22.5,0.03,20.3,26.0,1.0,22.0,0.48,23.8,26.0
2023-05-16 11:10:00,28.7,,22.6,22.0,22.3,23.0,23.0,[23.0],0.0,22.6,,20.9,26.0,1.0,22.0,,23.8,26.0
2023-05-16 11:15:00,,,,,,,,,,,0.03,,,,,0.48,,
2023-05-16 11:20:00,28.6,,,,,,,,,,,,,,,,,
2023-05-16 11:25:00,,,,,,,,,,,,,,,,,,
2023-05-16 11:30:00,29.0,,22.7,22.1,22.4,22.7,22.7,[22.7],0.0,22.7,,20.9,26.0,1.0,22.1,,24.1,26.0
2023-05-16 11:35:00,,,,,,,,,,,,,,,,,,
2023-05-16 11:40:00,29.1,,22.4,21.9,22.15,22.7,22.7,[22.7],0.0,22.4,0.03,19.3,26.0,1.0,21.9,0.48,23.2,26.0
2023-05-16 11:45:00,29.2,,22.4,21.9,22.15,22.8,22.8,[22.8],0.0,22.4,0.03,19.9,26.0,1.0,21.9,0.48,23.7,26.0
2023-05-16 11:50:00,29.3,,22.5,22.0,22.25,22.9,22.9,[22.9],0.0,22.5,0.03,20.4,26.0,1.0,22.0,0.48,23.9,26.0
2023-05-16 11:55:00,29.5,,22.6,22.1,22.35,23.0,23.0,[23.0],0.0,22.6,0.03,20.8,26.0,1.0,22.1,0.48,24.1,26.0
2023-05-16 12:00:00,29.6,,22.7,22.2,22.45,23.0,23.0,[23.0],0.0,22.7,0.03,20.8,26.0,1.0,22.2,0.48,24.2,26.0
2023-05-16 12:05:00,29.7,,22.7,22.3,22.5,23.1,23.1,[23.1],0.0,22.7,0.03,20.3,26.0,1.0,22.3,6.09,22.6,26.0
2023-05-16 12:10:00,29.7,,22.8,22.4,22.6,22.9,22.9,[22.9],0.0,22.8,0.03,18.5,26.0,1.0,22.4,4.11,21.6,26.0
2023-05-16 12:15:00,29.7,,22.7,22.3,22.5,22.8,22.8,[22.8],0.0,22.7,0.03,18.0,26.0,1.0,22.3,0.45,21.5,26.0
2023-05-16 12:20:00,29.6,,22.5,22.0,22.25,22.7,22.7,[22.7],0.0,22.5,0.03,18.2,26.0,1.0,22.0,0.45,22.2,26.0
2023-05-16 12:25:00,29.6,,22.4,22.0,22.2,22.7,22.7,[22.7],0.0,22.4,0.03,18.2,26.0,1.0,22.0,0.48,23.0,26.0
2023-05-16 12:30:00,29.6,,22.4,22.0,22.2,22.8,22.8,[22.8],0.0,22.4,0.03,19.7,26.0,1.0,22.0,0.48,23.5,26.0
2023-05-16 12:35:00,29.6,,22.5,22.1,22.3,22.9,22.9,[22.9],0.0,22.5,0.03,20.3,26.0,1.0,22.1,0.48,23.8,26.0
2023-05-16 12:40:00,29.6,,22.6,22.1,22.35,22.9,22.9,[22.9],0.0,22.6,0.03,20.7,26.0,1.0,22.1,0.48,24.0,26.0
2023-05-16 12:45:00,29.6,,22.7,22.1,22.4,23.0,23.0,[23.0],0.0,22.7,0.03,20.3,26.0,1.0,22.1,5.67,22.6,26.0
2023-05-16 12:50:00,29.6,,22.7,22.2,22.45,22.9,22.9,[22.9],0.0,22.7,0.03,18.5,26.0,1.0,22.2,4.08,22.6,26.0
2023-05-16 12:55:00,29.6,,22.7,22.2,22.45,22.7,22.7,[22.7],0.0,22.7,0.03,18.1,26.0,1.0,22.2,0.45,21.8,26.0
2023-05-16 13:00:00,29.6,,22.4,22.1,22.25,22.7,22.7,[22.7],0.0,22.4,0.03,18.3,26.0,1.0,22.1,0.45,22.4,26.0
2023-05-16 13:05:00,29.6,,22.4,22.0,22.2,22.7,22.7,[22.7],0.0,22.4,0.03,19.0,26.0,1.0,22.0,0.48,23.1,26.0
2023-05-16 13:10:00,29.7,,22.4,22.0,22.2,22.8,22.8,[22.8],0.0,22.4,0.03,19.8,26.0,1.0,22.0,0.48,23.5,26.0
2023-05-16 13:15:00,29.7,,22.5,22.0,22.25,22.9,22.9,[22.9],0.0,22.5,0.03,20.3,26.0,1.0,22.0,0.48,23.9,26.0
2023-05-16 13:20:00,29.7,,22.6,22.0,22.3,22.9,22.9,[22.9],0.0,22.6,0.03,20.8,26.0,1.0,22.0,5.94,24.0,26.0
2023-05-16 13:25:00,29.7,,22.7,22.1,22.4,22.9,22.9,[22.9],0.0,22.7,0.03,19.7,26.0,1.0,22.1,5.04,22.6,26.0
2023-05-16 13:30:00,29.7,,22.7,22.2,22.45,22.9,22.9,[22.9],0.0,22.7,0.03,18.1,26.0,1.0,22.2,4.11,22.3,26.0
2023-05-16 13:35:00,29.7,,22.6,22.1,22.35,22.7,22.7,[22.7],0.0,22.6,0.03,18.0,26.0,1.0,22.1,0.45,21.9,26.0
2023-05-16 13:40:00,29.7,,22.4,22.0,22.2,22.7,22.7,[22.7],0.0,22.4,0.03,18.3,26.0,1.0,22.0,0.45,22.5,26.0
2023-05-16 13:45:00,29.7,,22.4,21.9,22.15,22.7,22.7,[22.7],0.0,22.4,0.03,19.2,26.0,1.0,21.9,0.48,23.2,26.0
2023-05-16 13:50:00,29.7,,22.4,21.9,22.15,22.8,22.8,[22.8],0.0,22.4,0.03,19.8,26.0,1.0,21.9,0.48,23.4,26.0
2023-05-16 13:55:00,29.7,,22.5,22.1,22.3,22.9,22.9,[22.9],0.0,22.5,0.03,20.4,26.0,1.0,22.1,0.48,23.7,26.0
2023-05-16 14:00:00,29.5,,22.6,22.1,22.35,22.9,22.9,[22.9],0.0,22.6,0.03,20.5,26.0,1.0,22.1,0.48,23.9,26.0
2023-05-16 14:05:00,29.5,,22.7,22.1,22.4,23.0,23.0,[23.0],0.0,22.7,0.03,20.0,26.0,1.0,22.1,5.67,23.1,26.0
2023-05-16 14:10:00,29.4,,22.7,22.3,22.5,22.9,22.9,[22.9],0.0,22.7,0.03,18.5,26.0,1.0,22.3,4.08,21.7,26.0
2023-05-16 14:15:00,29.4,,22.6,22.2,22.4,22.7,22.7,[22.7],0.0,22.6,0.03,17.9,26.0,1.0,22.2,0.45,21.5,26.0
2023-05-16 14:20:00,29.3,,22.4,22.0,22.2,22.6,22.6,[22.6],0.0,22.4,0.03,18.1,26.0,1.0,22.0,0.45,22.2,26.0
2023-05-16 14:25:00,29.2,,22.4,21.9,22.15,22.7,22.7,[22.7],0.0,22.4,0.03,18.6,26.0,1.0,21.9,0.48,22.2,26.0
2023-05-16 14:30:00,29.2,,22.4,21.9,22.15,22.7,22.7,[22.7],0.0,22.4,0.03,19.4,26.0,1.0,21.9,0.48,23.3,26.0
2023-05-16 14:35:00,29.3,,22.4,21.9,22.15,22.8,22.8,[22.8],0.0,22.4,0.03,19.9,26.0,1.0,21.9,0.48,23.6,26.0
2023-05-16 14:40:00,29.3,,22.5,22.0,22.25,22.9,22.9,[22.9],0.0,22.5,0.03,20.3,26.0,1.0,22.0,0.48,23.9,26.0
2023-05-16 14:45:00,29.3,,22.5,22.0,22.25,22.9,22.9,[22.9],0.0,22.5,0.03,20.7,26.0,1.0,22.0,0.48,24.0,26.0
2023-05-16 14:50:00,29.3,,22.6,22.1,22.35,23.0,23.0,[23.0],0.0,22.6,0.03,21.0,26.0,1.0,22.1,0.48,24.1,26.0
2023-05-16 14:55:00,29.3,,22.7,22.3,22.5,23.1,23.1,[23.1],0.0,22.7,0.03,21.1,26.0,1.0,22.3,7.59,23.5,26.0
2023-05-16 15:00:00,29.3,,22.8,22.4,22.6,23.0,23.0,[23.0],0.0,22.8,0.03,19.5,26.0,1.0,22.4,4.08,23.0,26.0
2023-05-16 15:05:00,29.4,,22.8,22.4,22.6,22.9,22.9,[22.9],0.0,22.8,0.03,18.0,26.0,1.0,22.4,4.11,21.5,26.0
2023-05-16 15:10:00,29.6,,22.6,22.2,22.4,22.7,22.7,[22.7],0.0,22.6,0.03,17.8,26.0,1.0,22.2,0.45,21.4,26.0
2023-05-16 15:15:00,29.7,,22.4,22.0,22.2,22.6,22.6,[22.6],0.0,22.4,0.03,18.1,26.0,1.0,22.0,0.45,22.2,26.0
2023-05-16 15:20:00,29.7,,22.4,22.0,22.2,22.7,22.7,[22.7],0.0,22.4,0.03,18.8,26.0,1.0,22.0,0.48,22.9,26.0
2023-05-16 15:25:00,29.7,,22.4,21.9,22.15,22.7,22.7,[22.7],0.0,22.4,0.03,19.5,26.0,1.0,21.9,0.48,23.4,26.0
2023-05-16 15:30:00,29.7,,22.4,21.9,22.15,22.8,22.8,[22.8],0.0,22.4,0.03,20.1,26.0,1.0,21.9,0.48,23.4,26.0
2023-05-16 15:35:00,,,,,,,,,,,,,,,,,,
2023-05-16 15:40:00,29.7,,22.5,22.0,22.25,22.9,22.9,[22.9],0.0,22.5,0.03,20.8,26.0,1.0,22.0,0.48,24.1,26.0
2023-05-16 15:45:00,29.6,,22.6,22.1,22.35,23.0,23.0,[23.0],0.0,22.6,0.03,20.1,26.0,1.0,22.1,4.26,22.5,26.0
2023-05-16 15:50:00,29.6,,22.7,22.2,22.45,22.9,22.9,[22.9],0.0,22.7,0.03,18.4,26.0,1.0,22.2,4.11,21.7,26.0
2023-05-16 15:55:00,29.6,,22.4,22.0,22.2,22.7,22.7,[22.7],0.0,22.4,0.03,17.7,26.0,1.0,22.0,0.45,21.3,26.0
2023-05-16 16:00:00,29.5,,22.4,22.0,22.2,22.6,22.6,[22.6],0.0,22.4,0.03,17.9,26.0,1.0,22.0,0.45,22.1,26.0
2023-05-16 16:05:00,29.4,,22.3,21.9,22.1,22.6,22.6,[22.6],0.0,22.3,0.03,18.5,26.0,1.0,21.9,0.48,22.7,26.0
2023-05-16 16:10:00,29.4,,22.3,21.8,22.05,22.7,22.7,[22.7],0.0,22.3,0.03,19.1,26.0,1.0,21.8,0.48,23.2,26.0
2023-05-16 16:15:00,29.4,,22.4,21.9,22.15,22.8,22.8,[22.8],0.0,22.4,0.03,19.8,26.0,1.0,21.9,0.48,23.5,26.0
2023-05-16 16:20:00,29.3,,22.4,21.9,22.15,22.9,22.9,[22.9],0.0,22.4,0.03,20.3,26.0,1.0,21.9,0.48,23.9,26.0
2023-05-16 16:25:00,29.3,,22.5,22.0,22.25,22.9,22.9,[22.9],0.0,22.5,0.03,20.7,26.0,1.0,22.0,0.48,24.0,26.0
2023-05-16 16:30:00,29.2,,22.7,22.1,22.4,23.0,23.0,[23.0],0.0,22.7,0.03,20.8,26.0,1.0,22.1,7.74,23.5,26.0
2023-05-16 16:35:00,29.2,,22.7,22.3,22.5,22.9,22.9,[22.9],0.0,22.7,0.03,20.8,26.0,1.0,22.3,4.05,22.2,26.0
2023-05-16 16:40:00,29.2,,22.7,22.1,22.4,22.8,22.8,[22.8],0.0,22.7,0.03,17.7,26.0,1.0,22.1,4.08,21.3,26.0
2023-05-16 16:45:00,29.2,,22.5,22.1,22.3,22.6,22.6,[22.6],0.0,22.5,0.03,17.7,26.0,1.0,22.1,0.45,21.6,26.0
2023-05-16 16:50:00,29.2,,22.3,21.9,22.1,22.6,22.6,[22.6],0.0,22.3,0.03,17.9,26.0,1.0,21.9,0.45,22.0,26.0
2023-05-16 16:55:00,29.2,,22.3,21.8,22.05,22.6,22.6,[22.6],0.0,22.3,0.03,17.9,26.0,1.0,21.8,0.48,22.8,26.0
2023-05-16 17:00:00,29.1,,22.3,21.7,22.0,22.7,22.7,[22.7],0.0,22.3,0.03,19.3,26.0,1.0,21.7,0.48,23.2,26.0
2023-05-16 17:05:00,29.1,,22.3,21.8,22.05,22.8,22.8,[22.8],0.0,22.3,0.03,19.8,26.0,1.0,21.8,0.48,23.6,26.0
2023-05-16 17:10:00,29.1,,22.4,21.8,22.1,22.8,22.8,[22.8],0.0,22.4,0.03,20.3,26.0,1.0,21.8,0.48,23.8,26.0
2023-05-16 17:15:00,29.0,,22.5,22.0,22.25,22.9,22.9,[22.9],0.0,22.5,0.03,20.7,26.0,1.0,22.0,0.48,24.0,26.0
2023-05-16 17:20:00,29.0,,22.5,22.0,22.25,23.0,23.0,[23.0],0.0,22.5,0.03,21.0,26.0,1.0,22.0,0.48,24.1,26.0
2023-05-16 17:25:00,29.0,,22.7,22.3,22.5,23.0,23.0,[23.0],0.0,22.7,0.03,20.5,26.0,1.0,22.3,8.94,22.8,26.0
2023-05-16 17:30:00,29.0,,22.6,22.3,22.450000000000003,22.9,22.9,[22.9],0.0,22.6,0.03,18.9,26.0,1.0,22.3,3.99,21.9,26.0
2023-05-16 17:35:00,28.9,,22.5,22.3,22.4,22.8,22.8,[22.8],0.0,22.5,0.03,17.6,26.0,1.0,22.3,4.02,21.1,26.0
2023-05-16 17:40:00,28.9,,22.5,22.1,22.3,22.6,22.6,[22.6],0.0,22.5,0.03,17.6,26.0,1.0,22.1,0.45,21.6,26.0
2023-05-16 17:45:00,28.9,,22.3,21.8,22.05,22.6,22.6,[22.6],0.0,22.3,0.03,17.9,26.0,1.0,21.8,0.45,22.2,26.0
2023-05-16 17:50:00,28.9,,22.2,21.7,21.95,22.6,22.6,[22.6],0.0,22.2,0.03,18.6,26.0,1.0,21.7,0.48,22.2,26.0
2023-05-16 17:55:00,28.9,,22.3,21.7,22.0,22.6,22.6,[22.6],0.0,22.3,0.03,19.2,26.0,1.0,21.7,0.48,23.1,26.0
2023-05-16 18:00:00,28.8,,22.3,21.7,22.0,22.7,22.7,[22.7],0.0,22.3,0.03,19.7,26.0,1.0,21.7,0.48,23.4,26.0
2023-05-16 18:05:00,28.8,,22.4,21.7,22.05,22.8,22.8,[22.8],0.0,22.4,0.03,20.2,26.0,1.0,21.7,0.48,23.8,26.0
2023-05-16 18:10:00,28.8,,22.4,22.0,22.2,22.9,22.9,[22.9],0.0,22.4,0.03,20.6,26.0,1.0,22.0,0.48,24.0,26.0
2023-05-16 18:15:00,28.8,,22.5,22.0,22.25,22.9,22.9,[22.9],0.0,22.5,0.03,20.9,26.0,1.0,22.0,0.48,24.0,26.0
2023-05-16 18:20:00,28.7,,22.6,22.1,22.35,23.0,23.0,[23.0],0.0,22.6,0.03,21.2,26.0,1.0,22.1,3.78,24.0,26.0
2023-05-16 18:25:00,28.7,,22.6,22.2,22.4,23.0,23.0,[23.0],0.0,22.6,0.03,19.8,26.0,1.0,22.2,4.23,22.4,26.0
2023-05-16 18:30:00,28.7,,22.7,22.3,22.5,22.9,22.9,[22.9],0.0,22.7,0.03,18.2,26.0,1.0,22.3,3.99,21.6,26.0
2023-05-16 18:35:00,28.7,,22.6,22.2,22.4,22.7,22.7,[22.7],0.0,22.6,0.03,17.5,26.0,1.0,22.2,0.45,21.0,26.0
2023-05-16 18:40:00,28.7,,22.4,22.0,22.2,22.6,22.6,[22.6],0.0,22.4,0.03,17.7,26.0,1.0,22.0,0.45,21.8,26.0
2023-05-16 18:45:00,28.7,,22.2,21.8,22.0,22.6,22.6,[22.6],0.0,22.2,0.03,18.1,26.0,1.0,21.8,0.48,22.4,26.0
2023-05-16 18:50:00,28.7,,22.2,21.7,21.95,22.6,22.6,[22.6],0.0,22.2,0.03,18.7,26.0,1.0,21.7,0.48,22.9,26.0
2023-05-16 18:55:00,28.6,,22.2,21.6,21.9,22.7,22.7,[22.7],0.0,22.2,0.03,19.4,26.0,1.0,21.6,0.48,23.2,26.0
2023-05-16 19:00:00,28.6,,22.3,21.7,22.0,22.7,22.7,[22.7],0.0,22.3,0.03,19.9,26.0,1.0,21.7,0.48,23.5,26.0
2023-05-16 19:05:00,28.6,,22.4,21.8,22.1,22.8,22.8,[22.8],0.0,22.4,0.03,20.3,26.0,1.0,21.8,0.48,23.8,26.0
2023-05-16 19:10:00,28.5,,22.5,21.9,22.2,22.9,22.9,[22.9],0.0,22.5,0.03,20.7,26.0,1.0,21.9,0.48,23.9,26.0
2023-05-16 19:15:00,28.5,,22.5,22.0,22.25,22.9,22.9,[22.9],0.0,22.5,0.03,21.0,26.0,1.0,22.0,0.48,24.0,26.0
2023-05-16 19:20:00,28.5,,22.7,22.1,22.4,23.0,23.0,[23.0],0.0,22.7,0.03,21.2,26.0,1.0,22.1,0.48,24.2,26.0
2023-05-16 19:25:00,28.4,,22.7,22.2,22.45,23.0,23.0,[23.0],0.0,22.7,0.03,21.2,26.0,1.0,22.2,5.16,24.2,26.0
2023-05-16 19:30:00,28.4,,22.7,22.3,22.5,22.9,22.9,[22.9],0.0,22.7,0.03,18.6,26.0,1.0,22.3,3.99,21.8,26.0
2023-05-16 19:35:00,28.4,,22.5,22.1,22.3,22.8,22.8,[22.8],0.0,22.5,0.03,17.5,26.0,1.0,22.1,4.02,21.1,26.0
2023-05-16 19:40:00,28.4,,22.3,22.0,22.15,22.6,22.6,[22.6],0.0,22.3,0.03,17.7,26.0,1.0,22.0,0.45,21.7,26.0
2023-05-16 19:45:00,28.3,,22.3,21.8,22.05,22.6,22.6,[22.6],0.0,22.3,0.03,18.0,26.0,1.0,21.8,0.45,22.3,26.0
2023-05-16 19:50:00,28.3,,22.2,21.7,21.95,22.6,22.6,[22.6],0.0,22.2,0.03,18.6,26.0,1.0,21.7,0.48,22.7,26.0
2023-05-16 19:55:00,28.3,,22.2,21.7,21.95,22.6,22.6,[22.6],0.0,22.2,0.03,19.2,26.0,1.0,21.7,0.48,23.1,26.0
2023-05-16 20:00:00,28.3,,22.3,21.7,22.0,22.7,22.7,[22.7],0.0,22.3,0.03,19.8,26.0,1.0,21.7,0.48,23.4,26.0
2023-05-16 20:05:00,28.3,,22.4,21.8,22.1,22.8,22.8,[22.8],0.0,22.4,0.03,20.2,26.0,1.0,21.8,0.48,23.7,26.0
2023-05-16 20:10:00,28.3,,22.4,21.9,22.15,22.9,22.9,[22.9],0.0,22.4,0.03,20.6,26.0,1.0,21.9,0.48,23.9,26.0
2023-05-16 20:15:00,28.2,,22.5,22.1,22.3,22.9,22.9,[22.9],0.0,22.5,0.03,20.9,26.0,1.0,22.1,0.48,24.0,26.0
2023-05-16 20:20:00,28.2,,22.6,22.1,22.35,23.0,23.0,[23.0],0.0,22.6,0.03,21.1,26.0,1.0,22.1,0.48,24.1,26.0
2023-05-16 20:25:00,28.1,,22.6,22.2,22.4,23.1,23.1,[23.1],0.0,22.6,0.03,21.3,26.0,1.0,22.2,6.78,24.0,26.0
2023-05-16 20:30:00,28.2,,22.7,22.3,22.5,23.0,23.0,[23.0],0.0,22.7,0.03,19.7,26.0,1.0,22.3,3.96,22.3,26.0
2023-05-16 20:35:00,28.1,,22.7,22.4,22.55,22.9,22.9,[22.9],0.0,22.7,0.03,18.1,26.0,1.0,22.4,3.96,21.5,26.0
2023-05-16 20:40:00,28.1,,22.6,22.2,22.4,22.7,22.7,[22.7],0.0,22.6,0.03,17.6,26.0,1.0,22.2,0.45,21.1,26.0
2023-05-16 20:45:00,28.1,,22.4,22.0,22.2,22.6,22.6,[22.6],0.0,22.4,0.03,17.7,26.0,1.0,22.0,0.45,21.9,26.0
2023-05-16 20:50:00,28.1,,22.2,21.7,21.95,22.6,22.6,[22.6],0.0,22.2,0.03,18.1,26.0,1.0,21.7,0.45,22.3,26.0
2023-05-16 20:55:00,28.1,,22.2,21.6,21.9,22.6,22.6,[22.6],0.0,22.2,0.03,18.6,26.0,1.0,21.6,0.48,22.8,26.0
2023-05-16 21:00:00,28.0,,22.2,21.6,21.9,22.7,22.7,[22.7],0.0,22.2,0.03,19.2,26.0,1.0,21.6,0.48,23.1,26.0
2023-05-16 21:05:00,28.0,,22.4,21.7,22.05,22.7,22.7,[22.7],0.0,22.4,0.03,19.8,26.0,1.0,21.7,0.48,23.5,26.0
2023-05-16 21:10:00,27.9,,22.4,21.7,22.05,22.8,22.8,[22.8],0.0,22.4,0.03,20.2,26.0,1.0,21.7,0.48,23.7,26.0
2023-05-16 21:15:00,27.7,,22.4,21.9,22.15,22.9,22.9,[22.9],0.0,22.4,0.03,20.5,26.0,1.0,21.9,0.48,23.8,26.0
2023-05-16 21:20:00,27.7,,22.5,22.0,22.25,22.9,22.9,[22.9],0.0,22.5,0.03,20.8,26.0,1.0,22.0,0.48,24.0,26.0
2023-05-16 21:25:00,27.6,,22.5,22.1,22.3,23.0,23.0,[23.0],0.0,22.5,0.03,21.0,26.0,1.0,22.1,0.48,24.0,26.0
2023-05-16 21:30:00,27.6,,22.6,22.1,22.35,23.0,23.0,[23.0],0.0,22.6,0.03,21.2,26.0,1.0,22.1,0.48,24.2,26.0
2023-05-16 21:35:00,27.6,,22.7,22.3,22.5,23.1,23.1,[23.1],0.0,22.7,0.03,21.4,26.0,1.0,22.3,0.48,24.2,26.0
2023-05-16 21:40:00,27.5,,22.7,22.4,22.55,23.1,23.1,[23.1],0.0,22.7,0.03,20.8,26.0,1.0,22.4,7.17,22.6,26.0
2023-05-16 21:45:00,27.5,,22.8,22.3,22.55,23.0,23.0,[23.0],0.0,22.8,0.03,18.9,26.0,1.0,22.3,3.87,21.8,26.0
2023-05-16 21:50:00,27.5,,22.5,22.1,22.3,22.8,22.8,[22.8],0.0,22.5,0.03,17.7,26.0,1.0,22.1,3.87,21.1,26.0
2023-05-16 21:55:00,27.5,,22.5,22.1,22.3,22.6,22.6,[22.6],0.0,22.5,0.03,17.6,26.0,1.0,22.1,0.45,21.4,26.0
2023-05-16 22:00:00,27.4,,22.3,21.9,22.1,22.6,22.6,[22.6],0.0,22.3,0.03,17.6,26.0,1.0,21.9,0.45,22.1,26.0
2023-05-16 22:05:00,27.3,,22.2,21.6,21.9,22.6,22.6,[22.6],0.0,22.2,0.03,18.3,26.0,1.0,21.6,0.48,22.6,26.0
2023-05-16 22:10:00,27.2,,22.2,21.6,21.9,22.6,22.6,[22.6],0.0,22.2,0.03,18.9,26.0,1.0,21.6,0.48,22.9,26.0
2023-05-16 22:15:00,27.1,,22.3,21.6,21.950000000000003,22.7,22.7,[22.7],0.0,22.3,0.03,19.5,26.0,1.0,21.6,0.48,22.9,26.0
2023-05-16 22:20:00,27.0,,22.3,21.7,22.0,22.8,22.8,[22.8],0.0,22.3,0.03,20.0,26.0,1.0,21.7,0.51,23.5,26.0
2023-05-16 22:25:00,27.0,,22.4,21.9,22.15,22.9,22.9,[22.9],0.0,22.4,0.03,20.4,26.0,1.0,21.9,0.48,23.7,26.0
2023-05-16 22:30:00,26.9,,22.4,21.9,22.15,22.9,22.9,[22.9],0.0,22.4,0.03,20.6,26.0,1.0,21.9,0.48,23.9,26.0
2023-05-16 22:35:00,26.8,,22.5,22.0,22.25,22.9,22.9,[22.9],0.0,22.5,0.03,20.9,26.0,1.0,22.0,0.51,24.0,26.0
2023-05-16 22:40:00,26.8,,22.6,22.1,22.35,23.0,23.0,[23.0],0.0,22.6,0.03,21.1,26.0,1.0,22.1,0.48,24.1,26.0
2023-05-16 22:45:00,26.8,,22.6,22.1,22.35,23.1,23.1,[23.1],0.0,22.6,0.03,21.3,26.0,1.0,22.1,0.48,24.2,26.0
2023-05-16 22:50:00,26.7,,22.7,22.3,22.5,23.1,23.1,[23.1],0.0,22.7,0.03,21.4,26.0,1.0,22.3,0.48,24.2,26.0
2023-05-16 22:55:00,26.7,,22.8,22.3,22.55,23.1,23.1,[23.1],0.0,22.8,0.03,21.5,26.0,1.0,22.3,0.48,24.3,26.0
2023-05-16 23:00:00,26.7,,22.8,22.4,22.6,23.1,23.1,[23.1],0.0,22.8,0.03,21.5,26.0,1.0,22.4,7.23,22.9,26.0
2023-05-16 23:05:00,26.7,,22.9,22.4,22.65,23.0,23.0,[23.0],0.0,22.9,0.03,19.3,26.0,1.0,22.4,3.78,22.0,26.0
2023-05-16 23:10:00,26.7,,22.8,22.2,22.5,22.9,22.9,[22.9],0.0,22.8,0.03,18.1,26.0,1.0,22.2,3.84,21.3,26.0
2023-05-16 23:15:00,26.7,,22.6,22.2,22.4,22.7,22.7,[22.7],0.0,22.6,0.03,17.7,26.0,1.0,22.2,0.45,21.3,26.0
2023-05-16 23:20:00,26.6,,22.4,22.0,22.2,22.6,22.6,[22.6],0.0,22.4,0.03,17.8,26.0,1.0,22.0,0.45,22.1,26.0
2023-05-16 23:25:00,26.6,,22.3,21.6,21.950000000000003,22.6,22.6,[22.6],0.0,22.3,0.03,18.2,26.0,1.0,21.6,0.48,22.1,26.0
2023-05-16 23:30:00,26.4,,22.3,21.6,21.950000000000003,22.6,22.6,[22.6],0.0,22.3,0.03,18.5,26.0,1.0,21.6,0.48,22.8,26.0
2023-05-16 23:35:00,26.4,,22.3,21.6,21.950000000000003,22.7,22.7,[22.7],0.0,22.3,0.03,19.3,26.0,1.0,21.6,0.48,23.1,26.0
2023-05-16 23:40:00,26.4,,22.4,21.7,22.05,22.8,22.8,[22.8],0.0,22.4,0.03,19.8,26.0,1.0,21.7,0.48,23.5,26.0
2023-05-16 23:45:00,26.4,,22.4,21.8,22.1,22.8,22.8,[22.8],0.0,22.4,0.03,20.2,26.0,1.0,21.8,0.48,23.7,26.0
2023-05-16 23:50:00,26.4,,22.5,21.9,22.2,22.9,22.9,[22.9],0.0,22.5,0.03,20.5,26.0,1.0,21.9,0.48,23.8,26.0
2023-05-16 23:55:00,26.4,,22.6,21.9,22.25,22.9,22.9,[22.9],0.0,22.6,0.03,20.8,26.0,1.0,21.9,0.48,23.9,26.0
2023-05-17 00:00:00,26.4,,22.6,22.0,22.3,23.0,23.0,[23.0],0.0,22.6,0.03,21.0,26.0,1.0,22.0,0.48,24.0,26.0
2023-05-17 00:05:00,26.4,,22.6,22.1,22.35,23.0,23.0,[23.0],0.0,22.6,0.03,21.2,26.0,1.0,22.1,0.48,24.1,26.0
2023-05-17 00:10:00,26.4,,22.7,22.3,22.5,23.1,23.1,[23.1],0.0,22.7,0.03,21.3,26.0,1.0,22.3,0.48,24.2,26.0
2023-05-17 00:15:00,26.4,,22.7,22.3,22.5,23.1,23.1,[23.1],0.0,22.7,0.03,21.4,26.0,1.0,22.3,0.48,24.2,26.0
2023-05-17 00:20:00,26.4,,22.8,22.3,22.55,23.1,23.1,[23.1],0.0,22.8,0.03,21.5,26.0,1.0,22.3,0.48,24.3,26.0
2023-05-17 00:25:00,26.4,,22.9,22.4,22.65,23.2,23.2,[23.2],0.0,22.9,0.03,21.6,26.0,1.0,22.4,3.03,24.3,26.0
2023-05-17 00:30:00,26.4,,22.9,22.5,22.7,23.1,23.1,[23.1],0.0,22.9,0.03,20.3,26.0,1.0,22.5,4.02,22.6,26.0
2023-05-17 00:35:00,26.4,,22.9,22.5,22.7,23.0,23.0,[23.0],0.0,22.9,0.03,18.8,26.0,1.0,22.5,3.78,21.9,26.0
2023-05-17 00:40:00,26.4,,22.8,22.3,22.55,22.8,22.8,[22.8],0.0,22.8,0.03,17.6,26.0,1.0,22.3,3.84,21.1,26.0
2023-05-17 00:45:00,26.4,,22.5,22.1,22.3,22.6,22.6,[22.6],0.0,22.5,0.03,17.8,26.0,1.0,22.1,0.45,21.7,26.0
2023-05-17 00:50:00,26.4,,22.3,21.8,22.05,22.6,22.6,[22.6],0.0,22.3,0.03,18.0,26.0,1.0,21.8,0.45,22.2,26.0
2023-05-17 00:55:00,26.4,,22.3,21.7,22.0,22.6,22.6,[22.6],0.0,22.3,0.03,18.5,26.0,1.0,21.7,0.48,22.6,26.0
2023-05-17 01:00:00,26.4,,22.3,21.6,21.950000000000003,22.7,22.7,[22.7],0.0,22.3,0.03,19.0,26.0,1.0,21.6,0.48,23.0,26.0
2023-05-17 01:05:00,26.4,,22.3,21.6,21.950000000000003,22.7,22.7,[22.7],0.0,22.3,0.03,19.5,26.0,1.0,21.6,0.48,23.2,26.0
2023-05-17 01:10:00,26.4,,22.4,21.7,22.05,22.8,22.8,[22.8],0.0,22.4,0.03,19.9,26.0,1.0,21.7,0.48,23.4,26.0
2023-05-17 01:15:00,26.4,,22.4,21.7,22.05,22.8,22.8,[22.8],0.0,22.4,0.03,20.3,26.0,1.0,21.7,0.48,23.7,26.0
2023-05-17 01:20:00,26.4,,22.5,21.8,22.15,22.9,22.9,[22.9],0.0,22.5,0.03,20.5,26.0,1.0,21.8,0.48,23.7,26.0
2023-05-17 01:25:00,26.4,,22.5,22.0,22.25,22.9,22.9,[22.9],0.0,22.5,0.03,20.7,26.0,1.0,22.0,0.48,23.8,26.0
2023-05-17 01:30:00,26.4,,22.6,22.0,22.3,23.0,23.0,[23.0],0.0,22.6,0.03,20.9,26.0,1.0,22.0,0.48,23.9,26.0
2023-05-17 01:35:00,24.7,,22.7,22.1,22.4,23.0,23.0,[23.0],0.0,22.7,0.03,20.9,26.0,1.0,22.1,0.48,24.0,26.0
2023-05-17 01:40:00,24.3,,22.7,22.1,22.4,23.0,23.0,[23.0],0.0,22.7,0.03,21.0,26.0,1.0,22.1,0.48,24.0,26.0
2023-05-17 01:45:00,24.2,,22.7,22.2,22.45,23.1,23.1,[23.1],0.0,22.7,0.03,21.1,26.0,1.0,22.2,0.48,24.1,26.0
2023-05-17 01:50:00,24.2,,22.8,22.3,22.55,23.1,23.1,[23.1],0.0,22.8,0.03,21.1,26.0,1.0,22.3,0.48,24.1,26.0
2023-05-17 01:55:00,24.0,,22.8,22.4,22.6,23.1,23.1,[23.1],0.0,22.8,0.03,21.2,26.0,1.0,22.4,0.48,24.2,26.0
2023-05-17 02:00:00,24.2,,22.9,22.5,22.7,23.1,23.1,[23.1],0.0,22.9,0.03,21.3,26.0,1.0,22.5,0.48,24.2,26.0
2023-05-17 02:05:00,24.4,,22.9,22.5,22.7,23.1,23.1,[23.1],0.0,22.9,0.03,21.4,26.0,1.0,22.5,0.48,24.3,26.0
2023-05-17 02:10:00,24.5,,23.0,22.5,22.75,23.2,23.2,[23.2],0.0,23.0,0.03,21.5,26.0,1.0,22.5,1.08,24.3,26.0
2023-05-17 02:15:00,24.5,,23.0,22.5,22.75,23.1,23.1,[23.1],0.0,23.0,0.03,20.4,26.0,1.0,22.5,3.66,22.5,26.0
2023-05-17 02:20:00,24.5,,23.0,22.5,22.75,23.0,23.0,[23.0],0.0,23.0,0.03,19.0,26.0,1.0,22.5,4.17,22.5,26.0
2023-05-17 02:25:00,24.5,,22.8,22.4,22.6,22.9,22.9,[22.9],0.0,22.8,0.03,18.2,26.0,1.0,22.4,3.87,21.8,26.0
2023-05-17 02:30:00,24.5,,22.6,22.1,22.35,22.7,22.7,[22.7],0.0,22.6,0.03,17.6,26.0,1.0,22.1,4.23,21.0,26.0
2023-05-17 02:35:00,24.5,,22.4,21.9,22.15,22.6,22.6,[22.6],0.0,22.4,0.03,17.0,26.0,1.0,21.9,3.87,20.7,26.0
2023-05-17 02:40:00,24.5,,22.2,21.6,21.9,22.4,22.4,[22.4],0.0,22.2,0.03,16.6,26.0,1.0,21.6,3.81,20.6,26.0
2023-05-17 02:45:00,24.5,,22.0,21.3,21.65,22.3,22.3,[22.3],0.0,22.0,0.03,16.2,26.0,1.0,21.3,4.11,20.2,26.0
2023-05-17 02:50:00,24.5,,21.8,21.1,21.450000000000003,22.2,22.2,[22.2],0.0,21.8,0.03,16.0,26.0,1.0,21.1,0.45,20.0,26.0
2023-05-17 02:55:00,24.6,,21.6,20.9,21.25,22.1,22.1,[22.1],0.0,21.6,0.03,16.0,26.0,1.0,20.9,0.45,21.1,26.0
2023-05-17 03:00:00,24.2,,21.5,20.7,21.1,22.2,22.2,[22.2],0.0,21.5,0.03,17.2,26.0,1.0,20.7,0.45,21.7,26.0
2023-05-17 03:05:00,23.8,,21.5,20.7,21.1,22.2,22.2,[22.2],0.0,21.5,0.03,17.8,26.0,1.0,20.7,0.48,22.0,26.0
2023-05-17 03:10:00,23.8,,21.6,20.8,21.200000000000003,22.3,22.3,[22.3],0.0,21.6,0.03,18.3,26.0,1.0,20.8,0.48,22.4,26.0
2023-05-17 03:15:00,23.7,,21.6,20.8,21.200000000000003,22.3,22.3,[22.3],0.0,21.6,0.03,18.3,26.0,1.0,20.8,0.48,22.6,26.0
2023-05-17 03:20:00,23.7,,21.8,21.0,21.4,22.4,22.4,[22.4],0.0,21.8,0.03,19.1,26.0,1.0,21.0,0.48,22.8,26.0
2023-05-17 03:25:00,23.6,,21.8,21.0,21.4,22.5,22.5,[22.5],0.0,21.8,0.03,19.5,26.0,1.0,21.0,0.48,23.0,26.0
2023-05-17 03:30:00,23.7,,21.9,21.2,21.55,22.6,22.6,[22.6],0.0,21.9,0.03,19.7,26.0,1.0,21.2,0.48,23.2,26.0
2023-05-17 03:35:00,23.7,,22.0,21.3,21.65,22.6,22.6,[22.6],0.0,22.0,0.03,20.0,26.0,1.0,21.3,0.48,23.4,26.0
2023-05-17 03:40:00,23.8,,22.0,21.5,21.75,22.7,22.7,[22.7],0.0,22.0,0.03,20.2,26.0,1.0,21.5,0.48,23.5,26.0
2023-05-17 03:45:00,23.8,,22.2,21.6,21.9,22.7,22.7,[22.7],0.0,22.2,0.03,20.4,26.0,1.0,21.6,0.48,23.6,26.0
2023-05-17 03:50:00,23.5,,22.2,21.7,21.95,22.7,22.7,[22.7],0.0,22.2,0.03,20.6,26.0,1.0,21.7,0.48,23.6,26.0
2023-05-17 03:55:00,23.5,,22.3,21.8,22.05,22.8,22.8,[22.8],0.0,22.3,0.03,20.6,26.0,1.0,21.8,0.48,23.8,26.0
2023-05-17 04:00:00,23.6,,22.4,22.0,22.2,22.8,22.8,[22.8],0.0,22.4,0.03,20.8,26.0,1.0,22.0,0.48,23.8,26.0
2023-05-17 04:05:00,23.5,,22.4,22.0,22.2,22.9,22.9,[22.9],0.0,22.4,0.03,21.0,26.0,1.0,22.0,0.48,23.9,26.0
2023-05-17 04:10:00,23.5,,22.5,22.0,22.25,22.9,22.9,[22.9],0.0,22.5,0.03,21.0,26.0,1.0,22.0,0.48,23.9,26.0
2023-05-17 04:15:00,23.4,,22.5,22.2,22.35,22.9,22.9,[22.9],0.0,22.5,0.03,21.1,26.0,1.0,22.2,0.51,24.0,26.0
2023-05-17 04:20:00,23.4,,22.6,22.2,22.4,22.9,22.9,[22.9],0.0,22.6,0.03,21.2,26.0,1.0,22.2,0.48,24.0,26.0
2023-05-17 04:25:00,23.4,,22.6,22.2,22.4,22.9,22.9,[22.9],0.0,22.6,0.03,21.3,26.0,1.0,22.2,0.48,24.1,26.0
2023-05-17 04:30:00,23.2,,22.7,22.2,22.45,23.0,23.0,[23.0],0.0,22.7,0.03,21.3,26.0,1.0,22.2,0.51,24.1,26.0
2023-05-17 04:35:00,23.2,,22.7,22.3,22.5,23.0,23.0,[23.0],0.0,22.7,0.03,21.4,26.0,1.0,22.3,0.48,24.2,26.0
2023-05-17 04:40:00,23.2,,22.8,22.4,22.6,23.0,23.0,[23.0],0.0,22.8,0.03,21.4,26.0,1.0,22.4,0.48,24.2,26.0
2023-05-17 04:45:00,23.1,,22.8,22.4,22.6,23.0,23.0,[23.0],0.0,22.8,0.03,21.5,26.0,1.0,22.4,0.48,24.2,26.0
2023-05-17 04:50:00,23.0,,22.9,22.5,22.7,23.1,23.1,[23.1],0.0,22.9,0.03,21.5,26.0,1.0,22.5,0.48,24.2,26.0
2023-05-17 04:55:00,23.1,,23.0,22.4,22.7,23.1,23.1,[23.1],0.0,23.0,0.03,21.5,26.0,1.0,22.4,0.48,24.3,26.0
2023-05-17 05:00:00,23.0,,23.0,22.5,22.75,23.1,23.1,[23.1],0.0,23.0,0.03,21.6,26.0,1.0,22.5,0.48,24.3,26.0
2023-05-17 05:05:00,22.9,,23.0,22.5,22.75,23.1,23.1,[23.1],0.0,23.0,0.03,21.6,26.0,1.0,22.5,0.48,24.3,26.0
2023-05-17 05:10:00,22.9,,23.0,22.6,22.8,23.1,23.1,[23.1],0.0,23.0,0.03,21.7,26.0,1.0,22.6,0.48,24.3,26.0
2023-05-17 05:15:00,23.0,,23.1,22.6,22.85,23.1,23.1,[23.1],0.0,23.1,0.03,21.6,26.0,1.0,22.6,0.48,24.3,26.0
2023-05-17 05:20:00,22.9,,23.1,22.6,22.85,23.1,23.1,[23.1],0.0,23.1,0.03,21.7,26.0,1.0,22.6,0.48,24.4,26.0
2023-05-17 05:25:00,23.0,,23.1,22.6,22.85,23.1,23.1,[23.1],0.0,23.1,0.03,20.5,26.0,1.0,22.6,4.35,24.4,26.0
2023-05-17 05:30:00,23.1,,23.1,22.6,22.85,23.0,23.0,[23.0],0.0,23.1,0.03,19.9,26.0,1.0,22.6,3.75,22.0,26.0
2023-05-17 05:35:00,23.1,,22.7,22.5,22.6,22.8,22.8,[22.8],0.0,22.7,0.03,18.4,26.0,1.0,22.5,3.84,21.3,26.0
2023-05-17 05:40:00,22.8,,22.5,21.9,22.2,22.6,22.6,[22.6],0.0,22.5,0.03,17.7,26.0,1.0,21.9,3.87,21.0,26.0
2023-05-17 05:45:00,22.8,,22.5,21.9,22.2,22.5,22.5,[22.5],0.0,22.5,0.03,17.8,26.0,1.0,21.9,0.45,21.7,26.0
2023-05-17 05:50:00,22.6,,22.3,21.7,22.0,22.5,22.5,[22.5],0.0,22.3,0.03,18.0,26.0,1.0,21.7,0.45,22.0,26.0
2023-05-17 05:55:00,22.6,,22.2,21.5,21.85,22.5,22.5,[22.5],0.0,22.2,0.03,18.3,26.0,1.0,21.5,0.51,22.4,26.0
2023-05-17 06:00:00,22.6,,22.2,21.5,21.85,22.5,22.5,[22.5],0.0,22.2,0.03,18.6,26.0,1.0,21.5,0.51,22.7,26.0
2023-05-17 06:05:00,22.6,,22.2,21.5,21.85,22.5,22.5,[22.5],0.0,22.2,0.03,18.6,26.0,1.0,21.5,4.86,21.5,26.0
2023-05-17 06:10:00,22.6,,,,,22.4,22.4,[22.4],0.0,,0.03,17.8,26.0,1.0,,3.78,21.1,26.0
2023-05-17 06:15:00,22.6,,22.0,21.2,21.6,22.4,22.4,[22.4],0.0,22.0,0.03,17.4,26.0,1.0,21.2,3.87,20.7,26.0
2023-05-17 06:20:00,22.6,,22.0,21.2,21.6,22.2,22.2,[22.2],0.0,22.0,0.03,17.1,26.0,1.0,21.2,0.45,21.0,26.0
2023-05-17 06:25:00,22.6,,21.8,21.1,21.450000000000003,22.2,22.2,[22.2],0.0,21.8,0.03,17.4,26.0,1.0,21.1,0.45,21.6,26.0
2023-05-17 06:30:00,22.6,,21.8,21.0,21.4,22.2,22.2,[22.2],0.0,21.8,0.03,17.8,26.0,1.0,21.0,0.51,22.0,26.0
2023-05-17 06:35:00,22.7,,21.8,21.0,21.4,22.2,22.2,[22.2],0.0,21.8,0.03,17.8,26.0,1.0,21.0,7.11,21.0,26.0
2023-05-17 06:40:00,22.6,,21.8,21.0,21.4,22.2,22.2,[22.2],0.0,21.8,0.03,17.5,26.0,1.0,21.0,3.87,20.7,26.0
2023-05-17 06:45:00,22.6,,21.7,21.0,21.35,22.1,22.1,[22.1],0.0,21.7,0.03,16.8,26.0,1.0,21.0,0.45,20.6,26.0
2023-05-17 06:50:00,22.7,,21.5,20.9,21.2,22.1,22.1,[22.1],0.0,21.5,0.03,17.1,26.0,1.0,20.9,0.45,21.5,26.0
2023-05-17 06:55:00,22.7,,21.5,20.7,21.1,22.1,22.1,[22.1],0.0,21.5,0.03,17.6,26.0,1.0,20.7,0.51,21.8,26.0
2023-05-17 07:00:00,22.7,,21.5,20.7,21.1,22.2,22.2,[22.2],0.0,21.5,0.03,18.1,26.0,1.0,20.7,7.11,21.7,26.0
2023-05-17 07:05:00,22.6,,21.6,20.8,21.200000000000003,22.2,22.2,[22.2],0.0,21.6,0.03,17.7,26.0,1.0,20.8,4.08,20.8,26.0
2023-05-17 07:10:00,22.6,,21.5,20.9,21.2,22.1,22.1,[22.1],0.0,21.5,0.03,17.0,26.0,1.0,20.9,3.81,20.8,26.0
2023-05-17 07:15:00,22.6,,21.5,20.8,21.15,22.0,22.0,[22.0],0.0,21.5,0.03,16.8,26.0,1.0,20.8,0.45,20.8,26.0
2023-05-17 07:20:00,22.6,,21.4,20.7,21.05,22.0,22.0,[22.0],0.0,21.4,0.03,17.2,26.0,1.0,20.7,0.45,20.8,26.0
2023-05-17 07:25:00,22.7,,21.4,20.7,21.05,22.1,22.1,[22.1],0.0,21.4,0.03,17.8,26.0,1.0,20.7,0.48,22.0,26.0
2023-05-17 07:30:00,22.8,,21.4,20.7,21.05,22.1,22.1,[22.1],0.0,21.4,0.03,18.3,26.0,1.0,20.7,0.48,22.2,26.0
2023-05-17 07:35:00,22.8,,21.5,20.7,21.1,22.2,22.2,[22.2],0.0,21.5,0.03,18.6,26.0,1.0,20.7,9.12,22.2,26.0
2023-05-17 07:40:00,22.9,,21.5,20.8,21.15,22.1,22.1,[22.1],0.0,21.5,0.03,17.5,26.0,1.0,20.8,3.84,20.8,26.0
2023-05-17 07:45:00,22.9,,21.4,20.8,21.1,22.0,22.0,[22.0],0.0,21.4,0.03,16.8,26.0,1.0,20.8,0.45,20.5,26.0
2023-05-17 07:50:00,22.9,,21.4,20.8,21.1,21.9,21.9,[21.9],0.0,21.4,0.03,17.0,26.0,1.0,20.8,0.45,21.3,26.0
2023-05-17 07:55:00,22.9,,21.4,20.7,21.05,21.9,21.9,[21.9],0.0,21.4,0.03,17.1,26.0,1.0,20.7,9.48,20.7,26.0
2023-05-17 08:00:00,23.1,,21.4,20.6,21.0,21.9,21.9,[21.9],0.0,21.4,0.03,17.0,26.0,1.0,20.6,3.84,20.4,26.0
2023-05-17 08:05:00,23.1,,21.3,20.6,20.950000000000003,21.8,21.8,[21.8],0.0,21.3,0.03,16.1,26.0,1.0,20.6,0.45,20.1,26.0
2023-05-17 08:10:00,23.0,,21.2,20.5,20.85,21.7,21.7,[21.7],0.0,21.2,0.03,16.5,26.0,1.0,20.5,0.45,21.0,26.0
2023-05-17 08:15:00,23.0,,21.1,20.4,20.75,21.8,21.8,[21.8],0.0,21.1,0.03,17.0,26.0,1.0,20.4,0.48,21.5,26.0
2023-05-17 08:20:00,22.9,,21.2,20.4,20.8,21.8,21.8,[21.8],0.0,21.2,0.03,17.2,26.0,1.0,20.4,7.35,20.5,26.0
2023-05-17 08:25:00,22.8,,21.2,20.4,20.8,21.8,21.8,[21.8],0.0,21.2,0.03,16.8,26.0,1.0,20.4,3.81,20.4,26.0
2023-05-17 08:30:00,22.9,,21.1,20.4,20.75,21.7,21.7,[21.7],0.0,21.1,0.03,16.4,26.0,1.0,20.4,0.45,20.5,26.0
2023-05-17 08:35:00,22.9,,21.0,20.3,20.65,21.7,21.7,[21.7],0.0,21.0,0.03,16.8,26.0,1.0,20.3,0.45,21.0,26.0
2023-05-17 08:40:00,23.2,,21.0,20.3,20.65,21.8,21.8,[21.8],0.0,21.0,0.03,17.3,26.0,1.0,20.3,0.48,21.6,26.0
2023-05-17 08:45:00,23.2,,21.1,20.3,20.700000000000003,21.8,21.8,[21.8],0.0,21.1,0.03,17.8,26.0,1.0,20.3,0.48,21.9,26.0
2023-05-17 08:50:00,23.3,,21.2,20.4,20.8,21.9,21.9,[21.9],0.0,21.2,0.03,17.6,26.0,1.0,20.4,5.55,20.8,26.0
2023-05-17 08:55:00,23.6,,21.2,20.5,20.85,21.8,21.8,[21.8],0.0,21.2,0.03,16.8,26.0,1.0,20.5,3.87,20.4,26.0
2023-05-17 09:00:00,23.7,,21.1,20.4,20.75,21.7,21.7,[21.7],0.0,21.1,0.03,16.6,26.0,1.0,20.4,0.45,20.6,26.0
2023-05-17 09:05:00,23.9,,21.1,20.4,20.75,21.7,21.7,[21.7],0.0,21.1,0.03,17.0,26.0,1.0,20.4,0.45,21.3,26.0
2023-05-17 09:10:00,24.0,,21.1,20.4,20.75,21.8,21.8,[21.8],0.0,21.1,0.03,17.5,26.0,1.0,20.4,0.48,21.7,26.0
2023-05-17 09:15:00,24.2,,21.1,20.5,20.8,21.8,21.8,[21.8],0.0,21.1,0.03,17.7,26.0,1.0,20.5,7.5,20.9,26.0
2023-05-17 09:20:00,24.4,,21.2,20.5,20.85,21.8,21.8,[21.8],0.0,21.2,0.03,16.9,26.0,1.0,20.5,3.87,20.5,26.0
2023-05-17 09:25:00,24.6,,21.2,20.5,20.85,21.7,21.7,[21.7],0.0,21.2,0.03,16.5,26.0,1.0,20.5,0.45,20.4,26.0
2023-05-17 09:30:00,24.6,,,,,,,,,,,,,,,,,
2023-05-17 09:35:00,,,,,,,,,,,,,,,,,,
2023-05-17 09:40:00,,,,,,,,,,,,,,,,,,
2023-05-17 09:45:00,,,,,,,,,,,,,,,,,,
2023-05-17 09:50:00,,,,,,,,,,,,,,,,,,
2023-05-17 09:55:00,,,,,,,,,,,,,,,,,,
2023-05-17 10:00:00,,,,,,,,,,,,,,,,,,
2023-05-17 10:05:00,,,,,,,,,,,,,,,,,,
2023-05-17 10:10:00,,,,,,,,,,,,,,,,,,
2023-05-17 10:15:00,,,,,,,,,,,,,,,,,,
2023-05-17 10:20:00,,,,,,,,,,,,,,,,,,
2023-05-17 10:25:00,,,,,,,,,,,,,,,,,,
2023-05-17 10:30:00,,,,,,,,,,,,,,,,,,
2023-05-17 10:35:00,,,,,,,,,,,,,,,,,,
2023-05-17 10:40:00,,,,,,,,,,,,,,,,,,
2023-05-17 10:45:00,,,,,,,,,,,,,,,,,,
2023-05-17 10:50:00,,,,,,,,,,,,,,,,,,
2023-05-17 10:55:00,,,,,,,,,,,,,,,,,,
2023-05-17 11:00:00,,,,,,,,,,,,,,,,,,
2023-05-17 11:05:00,,,,,,,,,,,,,,,,,,
2023-05-17 11:10:00,26.5,,20.9,20.3,20.6,21.7,21.7,[21.7],0.0,20.9,0.03,17.9,26.0,1.0,20.3,0.48,21.9,26.0
2023-05-17 11:15:00,,,,,,,,,,,,,,,,,,
2023-05-17 11:20:00,,,,,,,,,,,,,,,,,,
2023-05-17 11:25:00,,,,,,,,,,,,,,,,,,
2023-05-17 11:30:00,,,,,,,,,,,,,,,,,,
2023-05-17 11:35:00,,,,,,,,,,,,,,,,,,
2023-05-17 11:40:00,,,,,,,,,,,,,,,,,,
2023-05-17 11:45:00,,,,,,,,,,,,,,,,,,
2023-05-17 11:50:00,26.9,,21.1,20.5,20.8,21.7,21.7,[21.7],0.0,21.1,0.03,18.1,26.0,1.0,20.5,0.48,22.0,26.0
2023-05-17 11:55:00,26.8,,21.2,20.5,20.85,21.8,21.8,[21.8],0.0,21.2,0.03,18.5,26.0,1.0,20.5,8.46,21.5,26.0
2023-05-17 12:00:00,26.8,,21.3,20.7,21.0,21.7,21.7,[21.7],0.0,21.3,,17.2,26.0,1.0,20.7,,20.6,26.0
2023-05-17 12:05:00,26.8,,21.2,20.5,20.85,21.6,21.6,[21.6],,21.2,0.03,,,,20.5,3.99,,
2023-05-17 12:10:00,26.8,,21.2,20.5,20.85,21.6,21.6,[21.6],0.0,21.2,,17.1,26.0,1.0,20.5,,21.1,26.0
2023-05-17 12:15:00,26.8,,21.2,20.5,20.85,21.6,21.6,[21.6],0.0,21.2,0.03,17.3,26.0,1.0,20.5,2.685,21.1,26.0
2023-05-17 12:20:00,26.7,,21.2,20.5,20.85,21.6,21.6,[21.6],0.0,21.2,,16.9,26.0,1.0,20.5,,20.4,26.0
2023-05-17 12:25:00,26.7,,21.2,20.5,20.85,21.5,21.5,[21.5],0.0,21.2,0.03,16.3,26.0,1.0,20.5,3.99,20.3,26.0
2023-05-17 12:30:00,26.7,,21.0,20.4,20.7,21.5,21.5,[21.5],0.0,21.0,0.03,16.7,26.0,1.0,20.4,0.45,21.0,26.0
2023-05-17 12:35:00,26.7,,21.0,20.4,20.7,21.5,21.5,[21.5],0.0,21.0,0.03,16.8,26.0,1.0,20.4,0.45,20.4,26.0
2023-05-17 12:40:00,26.7,,21.0,20.4,20.7,21.4,21.4,[21.4],0.0,21.0,0.03,16.6,26.0,1.0,20.4,9.3,20.3,26.0
2023-05-17 12:45:00,26.7,,20.9,20.2,20.55,21.4,21.4,[21.4],0.0,20.9,0.03,16.3,26.0,1.0,20.2,4.02,20.2,26.0
2023-05-17 12:50:00,26.8,,20.9,20.2,20.55,21.4,21.4,[21.4],0.0,20.9,0.03,16.4,26.0,1.0,20.2,4.05,20.6,26.0
2023-05-17 12:55:00,26.8,,20.8,20.2,20.5,21.4,21.4,[21.4],0.0,20.8,0.03,17.0,26.0,1.0,20.2,0.45,21.3,26.0
2023-05-17 13:00:00,26.8,,20.9,20.3,20.6,21.5,21.5,[21.5],0.0,20.9,0.03,17.4,26.0,1.0,20.3,0.45,21.5,26.0
2023-05-17 13:05:00,26.8,,21.0,20.3,20.65,21.5,21.5,[21.5],0.0,21.0,0.03,18.0,26.0,1.0,20.3,0.48,21.9,26.0
2023-05-17 13:10:00,26.8,,21.0,20.4,20.7,21.6,21.6,[21.6],0.0,21.0,0.03,18.3,26.0,1.0,20.4,0.48,22.1,26.0
2023-05-17 13:15:00,26.8,,21.2,20.6,20.9,21.7,21.7,[21.7],0.0,21.2,0.03,18.7,26.0,1.0,20.6,0.48,22.4,26.0
2023-05-17 13:20:00,26.8,,21.2,20.6,20.9,21.8,21.8,[21.8],0.0,21.2,0.03,19.0,26.0,1.0,20.6,0.48,22.5,26.0
2023-05-17 13:25:00,26.8,,21.3,20.8,21.05,21.8,21.8,[21.8],0.0,21.3,0.03,19.3,26.0,1.0,20.8,0.48,22.7,26.0
2023-05-17 13:30:00,26.7,,21.4,20.9,21.15,21.9,21.9,[21.9],0.0,21.4,0.03,19.7,26.0,1.0,20.9,0.48,22.9,26.0
2023-05-17 13:35:00,26.6,,21.5,21.0,21.25,21.9,21.9,[21.9],0.0,21.5,0.03,19.8,26.0,1.0,21.0,0.48,23.0,26.0
2023-05-17 13:40:00,26.6,,21.5,21.1,21.3,22.0,22.0,[22.0],0.0,21.5,,20.1,26.0,1.0,21.1,,23.1,26.0
2023-05-17 13:45:00,26.6,,21.6,21.3,21.450000000000003,22.1,22.1,[22.1],0.0,21.6,0.03,20.3,26.0,1.0,21.3,0.48,23.2,26.0
2023-05-17 13:50:00,26.6,,21.8,21.5,21.65,22.1,22.1,[22.1],0.0,21.8,0.03,20.4,26.0,1.0,21.5,0.48,23.2,26.0
2023-05-17 13:55:00,26.6,,21.8,21.5,21.65,22.1,22.1,[22.1],0.0,21.8,0.03,20.5,26.0,1.0,21.5,0.48,23.4,26.0
2023-05-17 14:00:00,26.6,,21.8,21.5,21.65,22.2,22.2,[22.2],0.0,21.8,0.03,20.6,26.0,1.0,21.5,0.48,23.5,26.0
2023-05-17 14:05:00,26.3,,21.9,21.6,21.75,22.2,22.2,[22.2],0.0,21.9,0.03,20.8,26.0,1.0,21.6,0.48,23.5,26.0
2023-05-17 14:10:00,26.3,,22.0,21.7,21.85,22.3,22.3,[22.3],0.0,22.0,0.03,20.8,26.0,1.0,21.7,0.48,23.6,26.0
2023-05-17 14:15:00,26.1,,22.0,21.8,21.9,22.3,22.3,[22.3],0.0,22.0,0.03,20.9,26.0,1.0,21.8,0.48,23.6,26.0
2023-05-17 14:20:00,26.0,,22.1,21.8,21.950000000000003,22.3,22.3,[22.3],0.0,22.1,0.03,21.0,26.0,1.0,21.8,0.48,23.7,26.0
2023-05-17 14:25:00,25.9,,,,,,,,,,,,,,,,,
2023-05-17 14:30:00,,,,,,,,,,,,,,,,,,
2023-05-17 14:35:00,25.9,,22.2,21.9,22.05,22.4,22.4,[22.4],0.0,22.2,0.03,21.1,26.0,1.0,21.9,0.48,23.8,26.0
2023-05-17 14:40:00,25.8,,22.3,22.0,22.15,22.4,22.4,[22.4],0.0,22.3,0.03,21.2,26.0,1.0,22.0,0.48,23.7,26.0
2023-05-17 14:45:00,25.9,,22.4,22.1,22.25,22.5,22.5,[22.5],0.0,22.4,0.03,21.3,26.0,1.0,22.1,0.48,23.8,26.0
2023-05-17 14:50:00,25.8,,22.4,22.1,22.25,22.5,22.5,[22.5],0.0,22.4,0.03,21.3,26.0,1.0,22.1,0.48,23.8,26.0
2023-05-17 14:55:00,25.8,,22.5,22.1,22.3,22.5,22.5,[22.5],0.0,22.5,0.03,21.3,26.0,1.0,22.1,0.48,23.9,26.0
2023-05-17 15:00:00,25.8,,22.6,22.2,22.4,22.5,22.5,[22.5],0.0,22.6,0.03,21.4,26.0,1.0,22.2,0.48,23.8,26.0
2023-05-17 15:05:00,25.8,,22.6,22.2,22.4,22.6,22.6,[22.6],0.0,22.6,0.03,21.4,26.0,1.0,22.2,0.48,24.0,26.0
2023-05-17 15:10:00,25.9,,,,,22.6,22.6,[22.6],0.0,,,21.5,26.0,1.0,,,24.0,26.0
2023-05-17 15:15:00,,,,,,22.6,22.6,[22.6],0.0,,,21.5,26.0,1.0,,,24.0,26.0
2023-05-17 15:20:00,,,,,,22.6,22.6,[22.6],0.0,,,21.5,26.0,1.0,,,24.0,26.0
2023-05-17 15:25:00,,,,,,22.6,22.6,[22.6],0.0,,,21.6,26.0,1.0,,,24.1,26.0
2023-05-17 15:30:00,,,,,,22.7,22.7,[22.7],0.0,,,21.6,26.0,1.0,,,24.3,26.0
2023-05-17 15:35:00,,,,,,22.7,22.7,[22.7],0.0,,,21.7,26.0,1.0,,,24.3,26.0
2023-05-17 15:40:00,,,,,,22.7,22.7,[22.7],0.0,,,21.3,26.0,1.0,,,24.3,26.0
